,Max_Temp,Min_Temp,Avg_Temp,Air_Frost,Total_Rainfall,Sunshine_Duration,Enjoyment,Raw
0,21.6,13.2,17.4,0.0,88.6,110.9,1.4432867685796584,39.0
1,21.6,13.2,17.4,0.0,88.6,110.9,-0.4228539261329407,-2.25
2,21.6,13.2,17.4,0.0,88.6,110.9,1.4432867685796584,39.0
3,21.6,13.2,17.4,0.0,88.6,110.9,0.6747409422235527,4.0
4,21.6,13.2,17.4,0.0,88.6,110.9,0.9505468408120751,7.0
5,19.4,11.2,15.3,0.0,38.2,128.7,1.299849476456476,18.0
6,19.4,11.2,15.3,0.0,38.2,128.7,-0.4228539261329407,-2.25
7,19.4,11.2,15.3,0.0,38.2,128.7,0.8760580505981934,6.0
8,19.4,11.2,15.3,0.0,38.2,128.7,1.313472611823808,19.0
9,19.4,11.2,15.3,0.0,38.2,128.7,-0.23554498072086333,-1.2
10,19.4,11.2,15.3,0.0,38.2,128.7,0.0,0.0
11,19.4,11.2,15.3,0.0,38.2,128.7,0.6747409422235527,4.0
12,15.2,8.3,11.75,1.0,74.8,104.0,0.3805063771123649,2.0
13,15.2,8.3,11.75,1.0,74.8,104.0,0.9505468408120751,7.0
14,15.2,8.3,11.75,1.0,74.8,104.0,0.8760580505981934,6.0
15,15.2,8.3,11.75,1.0,74.8,104.0,-0.26060239174734096,-1.3333333333333333
16,15.2,8.3,11.75,1.0,74.8,104.0,0.9505468408120751,7.0
17,15.2,8.3,11.75,1.0,74.8,104.0,-0.26060239174734096,-1.3333333333333333
18,15.2,8.3,11.75,1.0,74.8,104.0,0.9505468408120751,7.0
19,15.2,8.3,11.75,1.0,74.8,104.0,0.6747409422235527,4.0
20,9.1,4.0,6.55,7.0,32.2,50.0,0.3805063771123649,2.0
21,9.1,4.0,6.55,7.0,32.2,50.0,-0.3805063771123649,-2.0
22,9.1,4.0,6.55,7.0,32.2,50.0,0.6747409422235527,4.0
23,9.1,4.0,6.55,7.0,32.2,50.0,0.6747409422235527,4.0
24,9.1,4.0,6.55,7.0,32.2,50.0,0.0,0.0
25,9.1,4.0,6.55,7.0,32.2,50.0,-0.5880026035475676,-3.3333333333333335
26,9.1,4.0,6.55,7.0,32.2,50.0,-0.23554498072086333,-1.2
27,9.1,4.0,6.55,7.0,32.2,50.0,-0.5693131911006619,-3.2
28,9.1,4.0,6.55,7.0,32.2,50.0,0.3805063771123649,2.0
29,9.1,4.0,6.55,7.0,32.2,50.0,1.1441688336680205,11.0
30,3.9,-1.5,1.2,21.0,21.4,18.5,0.8760580505981934,6.0
31,3.9,-1.5,1.2,21.0,21.4,18.5,0.3805063771123649,2.0
32,3.9,-1.5,1.2,21.0,21.4,18.5,-0.4228539261329407,-2.25
33,3.9,-1.5,1.2,21.0,21.4,18.5,0.0,0.0
34,3.9,-1.5,1.2,21.0,21.4,18.5,-0.4228539261329407,-2.25
35,3.9,-1.5,1.2,21.0,21.4,18.5,1.1441688336680205,11.0
36,3.9,-1.5,1.2,21.0,21.4,18.5,0.3805063771123649,2.0
37,3.9,-1.5,1.2,21.0,21.4,18.5,0.6747409422235527,4.0
38,7.4,2.8,5.1,8.0,76.8,35.6,0.9505468408120751,7.0
39,7.4,2.8,5.1,8.0,76.8,35.6,0.8760580505981934,6.0
40,7.4,2.8,5.1,8.0,76.8,35.6,1.1760052070951352,12.0
41,7.4,2.8,5.1,8.0,76.8,35.6,0.0,0.0
42,7.4,2.8,5.1,8.0,76.8,35.6,0.9505468408120751,7.0
43,7.4,2.8,5.1,8.0,76.8,35.6,-0.5880026035475676,-3.3333333333333335
44,7.4,2.8,5.1,8.0,76.8,35.6,0.9505468408120751,7.0
45,7.4,2.8,5.1,8.0,76.8,35.6,1.1760052070951352,12.0
46,10.2,4.8,7.5,1.0,42.8,36.2,0.8760580505981934,6.0
47,10.2,4.8,7.5,1.0,42.8,36.2,0.6747409422235527,4.0
48,10.2,4.8,7.5,1.0,42.8,36.2,-0.3805063771123649,-2.0
49,10.2,4.8,7.5,1.0,42.8,36.2,-0.3805063771123649,-2.0
50,10.2,4.8,7.5,1.0,42.8,36.2,0.9505468408120751,7.0
51,10.2,4.8,7.5,1.0,42.8,36.2,0.0,0.0
52,10.2,4.8,7.5,1.0,42.8,36.2,0.6747409422235527,4.0
53,10.2,4.8,7.5,1.0,42.8,36.2,1.1441688336680205,11.0
54,12.3,3.8,8.05,4.0,14.6,126.4,0.8760580505981934,6.0
55,12.3,3.8,8.05,4.0,14.6,126.4,1.1760052070951352,12.0
56,12.3,3.8,8.05,4.0,14.6,126.4,0.0,0.0
57,12.3,3.8,8.05,4.0,14.6,126.4,1.0121970114513341,8.0
58,12.3,3.8,8.05,4.0,14.6,126.4,0.9505468408120751,7.0
59,19.7,8.6,14.15,0.0,2.4,218.0,-0.40890782895092537,-2.1666666666666665
60,19.7,8.6,14.15,0.0,2.4,218.0,0.0,0.0
61,19.7,8.6,14.15,0.0,2.4,218.0,1.1760052070951352,12.0
62,19.7,8.6,14.15,0.0,2.4,218.0,0.6747409422235527,4.0
63,19.7,8.6,14.15,0.0,2.4,218.0,-0.26060239174734096,-1.3333333333333333
64,19.7,8.6,14.15,0.0,2.4,218.0,0.3805063771123649,2.0
65,19.7,8.6,14.15,0.0,2.4,218.0,1.1441688336680205,11.0
66,19.7,8.6,14.15,0.0,2.4,218.0,1.1760052070951352,12.0
67,19.7,8.6,14.15,0.0,2.4,218.0,1.1760052070951352,12.0
68,19.7,8.6,14.15,0.0,2.4,218.0,0.8760580505981934,6.0
69,19.4,9.4,14.4,0.0,24.6,218.0,0.6747409422235527,4.0
70,19.4,9.4,14.4,0.0,24.6,218.0,0.3805063771123649,2.0
71,19.4,9.4,14.4,0.0,24.6,218.0,-0.5611634122883522,-3.142857142857143
72,19.4,9.4,14.4,0.0,24.6,218.0,-0.26060239174734096,-1.3333333333333333
73,19.4,9.4,14.4,0.0,24.6,218.0,0.6747409422235527,4.0
74,19.4,9.4,14.4,0.0,24.6,218.0,-0.5880026035475676,-3.3333333333333335
75,19.4,9.4,14.4,0.0,24.6,218.0,0.6747409422235527,4.0
76,21.8,13.4,17.6,0.0,68.8,144.1,-0.7044940642422177,-4.25
77,21.8,13.4,17.6,0.0,68.8,144.1,0.0,0.0
78,21.8,13.4,17.6,0.0,68.8,144.1,-0.4636476090008061,-2.5
79,21.8,13.4,17.6,0.0,68.8,144.1,0.8760580505981934,6.0
80,21.8,13.4,17.6,0.0,68.8,144.1,1.1441688336680205,11.0
81,21.3,12.4,16.85,0.0,35.0,161.2,0.6747409422235527,4.0
82,21.3,12.4,16.85,0.0,35.0,161.2,0.3805063771123649,2.0
83,21.3,12.4,16.85,0.0,35.0,161.2,0.0,0.0
84,21.3,12.4,16.85,0.0,35.0,161.2,0.6747409422235527,4.0
85,21.3,12.4,16.85,0.0,35.0,161.2,1.299849476456476,18.0
86,21.3,12.4,16.85,0.0,35.0,161.2,1.1760052070951352,12.0
87,21.3,12.4,16.85,0.0,35.0,161.2,0.3805063771123649,2.0
88,18.1,10.1,14.1,0.0,18.4,140.4,1.4432867685796584,39.0
89,18.1,10.1,14.1,0.0,18.4,140.4,0.3805063771123649,2.0
90,18.1,10.1,14.1,0.0,18.4,140.4,1.1441688336680205,11.0
91,18.1,10.1,14.1,0.0,18.4,140.4,0.8760580505981934,6.0
92,18.1,10.1,14.1,0.0,18.4,140.4,0.6747409422235527,4.0
93,18.1,10.1,14.1,0.0,18.4,140.4,1.1441688336680205,11.0
94,18.1,10.1,14.1,0.0,18.4,140.4,-0.4228539261329407,-2.25
95,18.1,10.1,14.1,0.0,18.4,140.4,-0.4018706474404565,-2.125
96,13.6,7.3,10.45,0.0,29.0,52.5,1.1760052070951352,12.0
97,13.6,7.3,10.45,0.0,29.0,52.5,-0.23554498072086333,-1.2
98,13.6,7.3,10.45,0.0,29.0,52.5,-0.4228539261329407,-2.25
99,13.6,7.3,10.45,0.0,29.0,52.5,-0.26060239174734096,-1.3333333333333333
100,13.6,7.3,10.45,0.0,29.0,52.5,0.3805063771123649,2.0
101,13.6,7.3,10.45,0.0,29.0,52.5,1.1760052070951352,12.0
102,9.9,3.8,6.85,4.0,63.0,60.6,0.3805063771123649,2.0
103,9.9,3.8,6.85,4.0,63.0,60.6,0.6747409422235527,4.0
104,9.9,3.8,6.85,4.0,63.0,60.6,0.6747409422235527,4.0
105,9.9,3.8,6.85,4.0,63.0,60.6,0.8760580505981934,6.0
106,9.9,3.8,6.85,4.0,63.0,60.6,0.9505468408120751,7.0
107,9.9,3.8,6.85,4.0,63.0,60.6,-0.4636476090008061,-2.5
108,9.9,3.8,6.85,4.0,63.0,60.6,-0.23554498072086333,-1.2
109,9.9,3.8,6.85,4.0,63.0,60.6,-0.805003494254653,-5.2
110,9.9,3.8,6.85,4.0,63.0,60.6,0.3805063771123649,2.0
111,9.9,3.8,6.85,4.0,63.0,60.6,0.3805063771123649,2.0
112,9.9,3.8,6.85,4.0,63.0,60.6,-0.4228539261329407,-2.25
113,9.9,3.8,6.85,4.0,63.0,60.6,0.6747409422235527,4.0
114,9.8,3.4,6.6000000000000005,7.0,34.4,68.5,0.8760580505981934,6.0
115,9.8,3.4,6.6000000000000005,7.0,34.4,68.5,-0.26060239174734096,-1.3333333333333333
116,9.8,3.4,6.6000000000000005,7.0,34.4,68.5,0.6747409422235527,4.0
117,9.8,3.4,6.6000000000000005,7.0,34.4,68.5,1.3654009376051293,24.0
118,9.8,3.4,6.6000000000000005,7.0,34.4,68.5,1.1441688336680205,11.0
119,9.8,3.4,6.6000000000000005,7.0,34.4,68.5,-0.26060239174734096,-1.3333333333333333
120,8.0,1.3,4.65,12.0,16.8,84.9,0.3805063771123649,2.0
121,8.0,1.3,4.65,12.0,16.8,84.9,-0.26060239174734096,-1.3333333333333333
122,8.0,1.3,4.65,12.0,16.8,84.9,1.473069419436178,51.0
123,8.0,1.3,4.65,12.0,16.8,84.9,0.8760580505981934,6.0
124,8.0,1.3,4.65,12.0,16.8,84.9,0.8760580505981934,6.0
125,8.0,1.3,4.65,12.0,16.8,84.9,-0.3805063771123649,-2.0
126,8.0,1.3,4.65,12.0,16.8,84.9,1.1760052070951352,12.0
127,8.0,1.3,4.65,12.0,16.8,84.9,1.3654009376051293,24.0
128,14.7,4.7,9.7,0.0,16.2,180.3,0.3805063771123649,2.0
129,14.7,4.7,9.7,0.0,16.2,180.3,1.39408747072486,28.0
130,14.7,4.7,9.7,0.0,16.2,180.3,0.6747409422235527,4.0
131,14.7,4.7,9.7,0.0,16.2,180.3,0.8760580505981934,6.0
132,14.7,4.7,9.7,0.0,16.2,180.3,-0.5880026035475676,-3.3333333333333335
133,14.7,4.7,9.7,0.0,16.2,180.3,1.0121970114513341,8.0
134,14.7,4.7,9.7,0.0,16.2,180.3,1.1760052070951352,12.0
135,14.7,4.7,9.7,0.0,16.2,180.3,0.0,0.0
136,14.7,4.7,9.7,0.0,16.2,180.3,0.8760580505981934,6.0
137,14.7,4.7,9.7,0.0,16.2,180.3,0.8760580505981934,6.0
138,13.3,4.9,9.1,1.0,98.4,141.7,0.8760580505981934,6.0
139,13.3,4.9,9.1,1.0,98.4,141.7,0.6747409422235527,4.0
140,13.3,4.9,9.1,1.0,98.4,141.7,0.3805063771123649,2.0
141,13.3,4.9,9.1,1.0,98.4,141.7,1.1760052070951352,12.0
142,13.3,4.9,9.1,1.0,98.4,141.7,-0.26060239174734096,-1.3333333333333333
143,13.3,4.9,9.1,1.0,98.4,141.7,0.0,0.0
144,13.3,4.9,9.1,1.0,98.4,141.7,0.8760580505981934,6.0
145,13.3,4.9,9.1,1.0,98.4,141.7,0.6747409422235527,4.0
146,13.3,4.9,9.1,1.0,98.4,141.7,1.4399689307208396,38.0
147,18.2,9.7,13.95,0.0,25.4,166.6,-0.4636476090008061,-2.5
148,18.2,9.7,13.95,0.0,25.4,166.6,0.8760580505981934,6.0
149,18.2,9.7,13.95,0.0,25.4,166.6,0.6747409422235527,4.0
150,18.2,9.7,13.95,0.0,25.4,166.6,0.8760580505981934,6.0
151,18.2,9.7,13.95,0.0,25.4,166.6,0.8760580505981934,6.0
152,23.5,14.3,18.9,0.0,36.4,182.6,0.6747409422235527,4.0
153,23.5,14.3,18.9,0.0,36.4,182.6,0.0,0.0
154,23.5,14.3,18.9,0.0,36.4,182.6,1.39408747072486,28.0
155,23.5,14.3,18.9,0.0,36.4,182.6,0.3805063771123649,2.0
156,23.5,14.3,18.9,0.0,36.4,182.6,-0.805003494254653,-5.2
157,23.5,14.3,18.9,0.0,36.4,182.6,1.2490457723982544,15.0
158,23.5,14.3,18.9,0.0,36.4,182.6,0.9505468408120751,7.0
159,20.0,10.3,15.15,0.0,41.2,178.9,1.1760052070951352,12.0
160,20.0,10.3,15.15,0.0,41.2,178.9,1.4399689307208396,38.0
161,20.0,10.3,15.15,0.0,41.2,178.9,0.0,0.0
162,20.0,10.3,15.15,0.0,41.2,178.9,1.1760052070951352,12.0
163,20.0,10.3,15.15,0.0,41.2,178.9,-0.4228539261329407,-2.25
164,20.0,10.3,15.15,0.0,41.2,178.9,0.6747409422235527,4.0
165,20.0,10.3,15.15,0.0,41.2,178.9,0.3805063771123649,2.0
166,20.0,10.3,15.15,0.0,41.2,178.9,-0.26060239174734096,-1.3333333333333333
167,20.0,10.3,15.15,0.0,41.2,178.9,-0.26060239174734096,-1.3333333333333333
168,20.0,10.3,15.15,0.0,41.2,178.9,0.6747409422235527,4.0
169,14.2,8.0,11.1,0.0,88.4,85.6,-0.26060239174734096,-1.3333333333333333
170,14.2,8.0,11.1,0.0,88.4,85.6,1.299849476456476,18.0
171,14.2,8.0,11.1,0.0,88.4,85.6,-0.4228539261329407,-2.25
172,14.2,8.0,11.1,0.0,88.4,85.6,1.299849476456476,18.0
173,14.2,8.0,11.1,0.0,88.4,85.6,0.6747409422235527,4.0
174,14.2,8.0,11.1,0.0,88.4,85.6,0.3805063771123649,2.0
175,14.2,8.0,11.1,0.0,88.4,85.6,0.6747409422235527,4.0
176,14.2,8.0,11.1,0.0,88.4,85.6,0.8760580505981934,6.0
177,14.2,8.0,11.1,0.0,88.4,85.6,-0.23554498072086333,-1.2
178,11.0,4.6,7.8,1.0,71.8,75.4,0.6747409422235527,4.0
179,11.0,4.6,7.8,1.0,71.8,75.4,0.0,0.0
180,11.0,4.6,7.8,1.0,71.8,75.4,0.3805063771123649,2.0
181,11.0,4.6,7.8,1.0,71.8,75.4,0.8760580505981934,6.0
182,11.0,4.6,7.8,1.0,71.8,75.4,0.0,0.0
183,11.0,4.6,7.8,1.0,71.8,75.4,0.3805063771123649,2.0
184,11.0,4.6,7.8,1.0,71.8,75.4,-0.4228539261329407,-2.25
185,11.0,4.6,7.8,1.0,71.8,75.4,0.8760580505981934,6.0
186,11.0,4.6,7.8,1.0,71.8,75.4,1.3654009376051293,24.0
187,11.0,4.6,7.8,1.0,71.8,75.4,-0.4228539261329407,-2.25
188,11.0,4.6,7.8,1.0,71.8,75.4,0.3805063771123649,2.0
189,11.0,4.6,7.8,1.0,71.8,75.4,0.0,0.0
190,11.0,4.6,7.8,1.0,71.8,75.4,0.0,0.0
191,9.0,2.6,5.8,10.0,95.8,58.0,1.1441688336680205,11.0
192,9.0,2.6,5.8,10.0,95.8,58.0,-0.5880026035475676,-3.3333333333333335
193,9.0,2.6,5.8,10.0,95.8,58.0,0.3805063771123649,2.0
194,9.0,2.6,5.8,10.0,95.8,58.0,-0.4636476090008061,-2.5
195,9.0,2.6,5.8,10.0,95.8,58.0,-0.22471116841464267,-1.1428571428571428
196,9.0,2.6,5.8,10.0,95.8,58.0,0.9505468408120751,7.0
197,9.0,2.6,5.8,10.0,95.8,58.0,-0.23554498072086333,-1.2
198,9.0,2.6,5.8,10.0,95.8,58.0,0.8760580505981934,6.0
199,9.0,2.6,5.8,10.0,95.8,58.0,0.8760580505981934,6.0
200,9.0,2.6,5.8,10.0,95.8,58.0,-0.5611634122883522,-3.142857142857143
201,9.0,2.6,5.8,10.0,95.8,58.0,-0.26060239174734096,-1.3333333333333333
202,9.0,2.6,5.8,10.0,95.8,58.0,1.496307536581015,67.0
203,9.0,2.6,5.8,10.0,95.8,58.0,0.0,0.0
204,9.0,2.6,5.8,10.0,95.8,58.0,-0.26060239174734096,-1.3333333333333333
205,9.0,2.6,5.8,10.0,95.8,58.0,0.3805063771123649,2.0
206,9.0,2.6,5.8,10.0,95.8,58.0,-0.26060239174734096,-1.3333333333333333
207,9.0,2.6,5.8,10.0,95.8,58.0,1.455037109074086,43.0
208,9.0,2.6,5.8,10.0,95.8,58.0,0.6747409422235527,4.0
209,9.0,2.6,5.8,10.0,95.8,58.0,-0.5880026035475676,-3.3333333333333335
210,6.5,2.0,4.25,13.0,50.1,34.5,0.8760580505981934,6.0
211,6.5,2.0,4.25,13.0,50.1,34.5,-0.3805063771123649,-2.0
212,6.5,2.0,4.25,13.0,50.1,34.5,0.0,0.0
213,6.5,2.0,4.25,13.0,50.1,34.5,1.0121970114513341,8.0
214,6.5,2.0,4.25,13.0,50.1,34.5,0.3805063771123649,2.0
215,6.5,2.0,4.25,13.0,50.1,34.5,-0.4636476090008061,-2.5
216,6.5,2.0,4.25,13.0,50.1,34.5,0.6747409422235527,4.0
217,6.5,2.0,4.25,13.0,50.1,34.5,0.3805063771123649,2.0
218,6.5,2.0,4.25,13.0,50.1,34.5,0.8760580505981934,6.0
219,6.5,2.0,4.25,13.0,50.1,34.5,1.3876855095324125,27.0
220,6.5,2.0,4.25,13.0,50.1,34.5,0.0,0.0
221,6.5,2.0,4.25,13.0,50.1,34.5,0.6747409422235527,4.0
222,6.5,2.0,4.25,13.0,50.1,34.5,0.6747409422235527,4.0
223,6.5,2.0,4.25,13.0,50.1,34.5,1.1441688336680205,11.0
224,6.7,1.2,3.95,4.0,32.8,64.9,0.8760580505981934,6.0
225,6.7,1.2,3.95,4.0,32.8,64.9,0.6747409422235527,4.0
226,6.7,1.2,3.95,4.0,32.8,64.9,-0.3805063771123649,-2.0
227,6.7,1.2,3.95,4.0,32.8,64.9,0.6747409422235527,4.0
228,6.7,1.2,3.95,4.0,32.8,64.9,0.0,0.0
229,6.7,1.2,3.95,4.0,32.8,64.9,1.299849476456476,18.0
230,6.7,1.2,3.95,4.0,32.8,64.9,-0.4636476090008061,-2.5
231,6.7,1.2,3.95,4.0,32.8,64.9,-0.5880026035475676,-3.3333333333333335
232,6.7,1.2,3.95,4.0,32.8,64.9,0.8760580505981934,6.0
233,6.7,1.2,3.95,4.0,32.8,64.9,0.6747409422235527,4.0
234,6.7,1.2,3.95,4.0,32.8,64.9,-0.23554498072086333,-1.2
235,6.9,1.2,4.05,11.0,52.8,62.3,0.6747409422235527,4.0
236,6.9,1.2,4.05,11.0,52.8,62.3,-0.26060239174734096,-1.3333333333333333
237,6.9,1.2,4.05,11.0,52.8,62.3,1.1441688336680205,11.0
238,6.9,1.2,4.05,11.0,52.8,62.3,0.9505468408120751,7.0
239,6.9,1.2,4.05,11.0,52.8,62.3,1.1441688336680205,11.0
240,6.9,1.2,4.05,11.0,52.8,62.3,1.299849476456476,18.0
241,13.5,4.7,9.1,3.0,34.0,162.8,1.0121970114513341,8.0
242,13.5,4.7,9.1,3.0,34.0,162.8,-0.4636476090008061,-2.5
243,13.5,4.7,9.1,3.0,34.0,162.8,0.8760580505981934,6.0
244,13.5,4.7,9.1,3.0,34.0,162.8,0.3805063771123649,2.0
245,13.5,4.7,9.1,3.0,34.0,162.8,0.0,0.0
246,13.5,4.7,9.1,3.0,34.0,162.8,1.1441688336680205,11.0
247,13.5,4.7,9.1,3.0,34.0,162.8,0.0,0.0
248,13.5,4.7,9.1,3.0,34.0,162.8,-0.5880026035475676,-3.3333333333333335
249,13.5,4.7,9.1,3.0,34.0,162.8,0.6747409422235527,4.0
250,13.5,4.7,9.1,3.0,34.0,162.8,-0.4636476090008061,-2.5
251,13.5,4.7,9.1,3.0,34.0,162.8,-0.3805063771123649,-2.0
252,13.5,4.7,9.1,3.0,34.0,162.8,0.9505468408120751,7.0
253,13.5,4.7,9.1,3.0,34.0,162.8,0.3805063771123649,2.0
254,13.5,4.7,9.1,3.0,34.0,162.8,0.9505468408120751,7.0
255,13.5,4.7,9.1,3.0,34.0,162.8,0.0,0.0
256,16.4,7.7,12.05,0.0,41.8,163.3,-0.40890782895092537,-2.1666666666666665
257,16.4,7.7,12.05,0.0,41.8,163.3,0.0,0.0
258,16.4,7.7,12.05,0.0,41.8,163.3,-0.3805063771123649,-2.0
259,16.4,7.7,12.05,0.0,41.8,163.3,0.6747409422235527,4.0
260,16.4,7.7,12.05,0.0,41.8,163.3,-0.26060239174734096,-1.3333333333333333
261,16.4,7.7,12.05,0.0,41.8,163.3,-0.4228539261329407,-2.25
262,16.4,7.7,12.05,0.0,41.8,163.3,-0.4636476090008061,-2.5
263,16.4,7.7,12.05,0.0,41.8,163.3,1.299849476456476,18.0
264,16.4,7.7,12.05,0.0,41.8,163.3,0.8760580505981934,6.0
265,16.4,7.7,12.05,0.0,41.8,163.3,1.2490457723982544,15.0
266,24.3,14.3,19.3,0.0,32.6,198.7,0.9505468408120751,7.0
267,24.3,14.3,19.3,0.0,32.6,198.7,-0.4228539261329407,-2.25
268,24.3,14.3,19.3,0.0,32.6,198.7,0.9505468408120751,7.0
269,24.3,14.3,19.3,0.0,32.6,198.7,-0.3805063771123649,-2.0
270,24.3,14.3,19.3,0.0,32.6,198.7,0.8760580505981934,6.0
271,24.3,14.3,19.3,0.0,32.6,198.7,-0.4228539261329407,-2.25
272,24.3,14.3,19.3,0.0,32.6,198.7,1.1441688336680205,11.0
273,24.3,14.3,19.3,0.0,32.6,198.7,-0.3805063771123649,-2.0
274,19.7,11.1,15.4,0.0,49.6,118.9,0.6747409422235527,4.0
275,19.7,11.1,15.4,0.0,49.6,118.9,0.3805063771123649,2.0
276,19.7,11.1,15.4,0.0,49.6,118.9,0.9505468408120751,7.0
277,19.7,11.1,15.4,0.0,49.6,118.9,-0.23554498072086333,-1.2
278,19.7,11.1,15.4,0.0,49.6,118.9,-0.4636476090008061,-2.5
279,19.7,11.1,15.4,0.0,49.6,118.9,1.1441688336680205,11.0
280,19.7,11.1,15.4,0.0,49.6,118.9,-0.26060239174734096,-1.3333333333333333
281,17.0,10.6,13.8,0.0,81.4,89.6,0.6747409422235527,4.0
282,17.0,10.6,13.8,0.0,81.4,89.6,1.299849476456476,18.0
283,17.0,10.6,13.8,0.0,81.4,89.6,-0.4228539261329407,-2.25
284,17.0,10.6,13.8,0.0,81.4,89.6,1.299849476456476,18.0
285,17.0,10.6,13.8,0.0,81.4,89.6,-0.5693131911006619,-3.2
286,17.0,10.6,13.8,0.0,81.4,89.6,-0.4636476090008061,-2.5
287,17.0,10.6,13.8,0.0,81.4,89.6,0.8760580505981934,6.0
288,10.4,4.7,7.550000000000001,1.0,50.0,80.4,-0.4228539261329407,-2.25
289,10.4,4.7,7.550000000000001,1.0,50.0,80.4,0.9505468408120751,7.0
290,10.4,4.7,7.550000000000001,1.0,50.0,80.4,0.0,0.0
291,10.4,4.7,7.550000000000001,1.0,50.0,80.4,0.6747409422235527,4.0
292,10.4,4.7,7.550000000000001,1.0,50.0,80.4,0.0,0.0
293,10.4,4.7,7.550000000000001,1.0,50.0,80.4,-0.26060239174734096,-1.3333333333333333
294,10.4,4.7,7.550000000000001,1.0,50.0,80.4,-0.5880026035475676,-3.3333333333333335
295,10.4,4.7,7.550000000000001,1.0,50.0,80.4,0.9505468408120751,7.0
296,10.4,4.7,7.550000000000001,1.0,50.0,80.4,1.1760052070951352,12.0
297,10.2,3.5,6.85,3.0,98.2,51.3,1.1441688336680205,11.0
298,10.2,3.5,6.85,3.0,98.2,51.3,0.6747409422235527,4.0
299,10.2,3.5,6.85,3.0,98.2,51.3,0.9505468408120751,7.0
300,10.2,3.5,6.85,3.0,98.2,51.3,-0.26060239174734096,-1.3333333333333333
301,10.2,3.5,6.85,3.0,98.2,51.3,0.9505468408120751,7.0
302,10.2,3.5,6.85,3.0,98.2,51.3,0.3805063771123649,2.0
303,10.2,3.5,6.85,3.0,98.2,51.3,0.9505468408120751,7.0
304,10.2,3.5,6.85,3.0,98.2,51.3,0.0,0.0
305,10.2,3.5,6.85,3.0,98.2,51.3,0.8760580505981934,6.0
306,10.2,3.5,6.85,3.0,98.2,51.3,-0.40890782895092537,-2.1666666666666665
307,10.2,3.5,6.85,3.0,98.2,51.3,-0.5880026035475676,-3.3333333333333335
308,10.2,3.5,6.85,3.0,98.2,51.3,0.0,0.0
309,10.2,3.5,6.85,3.0,98.2,51.3,0.6747409422235527,4.0
310,10.2,3.5,6.85,3.0,98.2,51.3,-0.4228539261329407,-2.25
311,10.2,3.5,6.85,3.0,98.2,51.3,0.8760580505981934,6.0
312,10.2,3.5,6.85,3.0,98.2,51.3,0.8760580505981934,6.0
313,10.0,3.8,6.9,1.0,162.4,68.3,0.3805063771123649,2.0
314,10.0,3.8,6.9,1.0,162.4,68.3,0.9505468408120751,7.0
315,10.0,3.8,6.9,1.0,162.4,68.3,0.8760580505981934,6.0
316,10.0,3.8,6.9,1.0,162.4,68.3,-0.5693131911006619,-3.2
317,10.0,3.8,6.9,1.0,162.4,68.3,-0.4228539261329407,-2.25
318,10.0,3.8,6.9,1.0,162.4,68.3,0.9505468408120751,7.0
319,10.0,3.8,6.9,1.0,162.4,68.3,0.6747409422235527,4.0
320,10.0,3.8,6.9,1.0,162.4,68.3,1.1441688336680205,11.0
321,10.0,3.8,6.9,1.0,162.4,68.3,0.6747409422235527,4.0
322,10.0,3.8,6.9,1.0,162.4,68.3,0.0,0.0
323,10.6,4.4,7.5,0.0,89.8,91.7,0.9505468408120751,7.0
324,10.6,4.4,7.5,0.0,89.8,91.7,-0.5880026035475676,-3.3333333333333335
325,10.6,4.4,7.5,0.0,89.8,91.7,0.9505468408120751,7.0
326,10.6,4.4,7.5,0.0,89.8,91.7,1.1441688336680205,11.0
327,10.6,4.4,7.5,0.0,89.8,91.7,1.1760052070951352,12.0
328,10.6,4.4,7.5,0.0,89.8,91.7,0.9505468408120751,7.0
329,10.6,4.4,7.5,0.0,89.8,91.7,-0.23554498072086333,-1.2
330,10.6,4.4,7.5,0.0,89.8,91.7,0.0,0.0
331,10.6,4.4,7.5,0.0,89.8,91.7,0.6747409422235527,4.0
332,10.6,4.4,7.5,0.0,89.8,91.7,1.1441688336680205,11.0
333,10.6,4.4,7.5,0.0,89.8,91.7,-0.4636476090008061,-2.5
334,10.6,4.4,7.5,0.0,89.8,91.7,1.299849476456476,18.0
335,14.1,4.4,9.25,1.0,27.8,161.4,-0.4228539261329407,-2.25
336,14.1,4.4,9.25,1.0,27.8,161.4,-0.3805063771123649,-2.0
337,14.1,4.4,9.25,1.0,27.8,161.4,1.313472611823808,19.0
338,14.1,4.4,9.25,1.0,27.8,161.4,0.6747409422235527,4.0
339,14.1,4.4,9.25,1.0,27.8,161.4,1.4432867685796584,39.0
340,14.1,4.4,9.25,1.0,27.8,161.4,-0.4636476090008061,-2.5
341,14.1,4.4,9.25,1.0,27.8,161.4,0.6747409422235527,4.0
342,14.1,4.4,9.25,1.0,27.8,161.4,0.8760580505981934,6.0
343,14.1,4.4,9.25,1.0,27.8,161.4,0.3805063771123649,2.0
344,14.1,4.4,9.25,1.0,27.8,161.4,0.6747409422235527,4.0
345,14.1,4.4,9.25,1.0,27.8,161.4,-0.4228539261329407,-2.25
346,16.1,7.5,11.8,0.0,58.0,156.9,1.1760052070951352,12.0
347,16.1,7.5,11.8,0.0,58.0,156.9,-0.26060239174734096,-1.3333333333333333
348,16.1,7.5,11.8,0.0,58.0,156.9,0.6747409422235527,4.0
349,16.1,7.5,11.8,0.0,58.0,156.9,0.6747409422235527,4.0
350,16.1,7.5,11.8,0.0,58.0,156.9,1.1441688336680205,11.0
351,16.1,7.5,11.8,0.0,58.0,156.9,-0.26060239174734096,-1.3333333333333333
352,16.1,7.5,11.8,0.0,58.0,156.9,-0.3805063771123649,-2.0
353,16.1,7.5,11.8,0.0,58.0,156.9,0.6747409422235527,4.0
354,16.1,7.5,11.8,0.0,58.0,156.9,-0.4636476090008061,-2.5
355,16.1,7.5,11.8,0.0,58.0,156.9,1.1760052070951352,12.0
356,18.0,9.8,13.9,0.0,84.6,178.8,0.9505468408120751,7.0
357,18.0,9.8,13.9,0.0,84.6,178.8,0.6747409422235527,4.0
358,18.0,9.8,13.9,0.0,84.6,178.8,0.0,0.0
359,18.0,9.8,13.9,0.0,84.6,178.8,0.8760580505981934,6.0
360,18.0,9.8,13.9,0.0,84.6,178.8,0.6747409422235527,4.0
361,21.7,12.7,17.2,0.0,97.6,183.6,-0.3805063771123649,-2.0
362,21.7,12.7,17.2,0.0,97.6,183.6,-0.3805063771123649,-2.0
363,21.7,12.7,17.2,0.0,97.6,183.6,0.8760580505981934,6.0
364,21.7,12.7,17.2,0.0,97.6,183.6,-0.4228539261329407,-2.25
365,21.7,12.7,17.2,0.0,97.6,183.6,0.9505468408120751,7.0
366,21.7,12.7,17.2,0.0,97.6,183.6,0.6747409422235527,4.0
367,21.7,12.7,17.2,0.0,97.6,183.6,-0.4228539261329407,-2.25
368,21.5,12.8,17.15,0.0,10.8,134.6,0.6747409422235527,4.0
369,21.5,12.8,17.15,0.0,10.8,134.6,1.2490457723982544,15.0
370,21.5,12.8,17.15,0.0,10.8,134.6,0.0,0.0
371,21.5,12.8,17.15,0.0,10.8,134.6,0.6747409422235527,4.0
372,21.5,12.8,17.15,0.0,10.8,134.6,1.1441688336680205,11.0
373,21.5,12.8,17.15,0.0,10.8,134.6,1.1760052070951352,12.0
374,21.5,12.8,17.15,0.0,10.8,134.6,0.9505468408120751,7.0
375,21.5,12.8,17.15,0.0,10.8,134.6,0.3805063771123649,2.0
376,17.6,11.0,14.3,0.0,76.0,103.8,0.9505468408120751,7.0
377,17.6,11.0,14.3,0.0,76.0,103.8,0.9505468408120751,7.0
378,17.6,11.0,14.3,0.0,76.0,103.8,0.6747409422235527,4.0
379,17.6,11.0,14.3,0.0,76.0,103.8,-0.26060239174734096,-1.3333333333333333
380,17.6,11.0,14.3,0.0,76.0,103.8,-0.23554498072086333,-1.2
381,17.6,11.0,14.3,0.0,76.0,103.8,0.8760580505981934,6.0
382,17.6,11.0,14.3,0.0,76.0,103.8,0.9505468408120751,7.0
383,12.5,6.9,9.7,1.0,128.4,51.1,0.8760580505981934,6.0
384,12.5,6.9,9.7,1.0,128.4,51.1,1.1760052070951352,12.0
385,12.5,6.9,9.7,1.0,128.4,51.1,-0.4228539261329407,-2.25
386,12.5,6.9,9.7,1.0,128.4,51.1,0.0,0.0
387,12.5,6.9,9.7,1.0,128.4,51.1,0.6747409422235527,4.0
388,12.5,6.9,9.7,1.0,128.4,51.1,0.9505468408120751,7.0
389,12.5,6.9,9.7,1.0,128.4,51.1,-0.26060239174734096,-1.3333333333333333
390,12.5,6.9,9.7,1.0,128.4,51.1,1.1441688336680205,11.0
391,12.5,6.9,9.7,1.0,128.4,51.1,1.0121970114513341,8.0
392,12.5,6.9,9.7,1.0,128.4,51.1,0.6747409422235527,4.0
393,9.2,3.0,6.1,7.0,37.8,71.6,-0.3805063771123649,-2.0
394,9.2,3.0,6.1,7.0,37.8,71.6,1.1760052070951352,12.0
395,9.2,3.0,6.1,7.0,37.8,71.6,0.6747409422235527,4.0
396,9.2,3.0,6.1,7.0,37.8,71.6,0.9505468408120751,7.0
397,9.2,3.0,6.1,7.0,37.8,71.6,1.1441688336680205,11.0
398,9.2,3.0,6.1,7.0,37.8,71.6,0.9505468408120751,7.0
399,9.2,3.0,6.1,7.0,37.8,71.6,0.3805063771123649,2.0
400,9.2,3.0,6.1,7.0,37.8,71.6,1.299849476456476,18.0
401,9.2,3.0,6.1,7.0,37.8,71.6,0.9505468408120751,7.0
402,9.2,3.0,6.1,7.0,37.8,71.6,1.0121970114513341,8.0
403,9.2,3.0,6.1,7.0,37.8,71.6,0.9505468408120751,7.0
404,9.2,3.0,6.1,7.0,37.8,71.6,-0.4228539261329407,-2.25
405,9.2,3.0,6.1,7.0,37.8,71.6,0.8760580505981934,6.0
406,9.2,3.0,6.1,7.0,37.8,71.6,-0.26060239174734096,-1.3333333333333333
407,9.2,3.0,6.1,7.0,37.8,71.6,0.0,0.0
408,8.8,1.6,5.2,10.0,63.4,62.0,0.3805063771123649,2.0
409,8.8,1.6,5.2,10.0,63.4,62.0,0.3805063771123649,2.0
410,8.8,1.6,5.2,10.0,63.4,62.0,0.9505468408120751,7.0
411,8.8,1.6,5.2,10.0,63.4,62.0,0.8760580505981934,6.0
412,8.8,1.6,5.2,10.0,63.4,62.0,1.1760052070951352,12.0
413,8.8,1.6,5.2,10.0,63.4,62.0,-0.4636476090008061,-2.5
414,8.8,1.6,5.2,10.0,63.4,62.0,1.1760052070951352,12.0
415,8.8,1.6,5.2,10.0,63.4,62.0,-0.3805063771123649,-2.0
416,8.8,1.6,5.2,10.0,63.4,62.0,0.3805063771123649,2.0
417,8.0,1.8,4.9,8.0,38.6,63.9,1.39408747072486,28.0
418,8.0,1.8,4.9,8.0,38.6,63.9,-0.3805063771123649,-2.0
419,8.0,1.8,4.9,8.0,38.6,63.9,0.3805063771123649,2.0
420,8.0,1.8,4.9,8.0,38.6,63.9,0.8760580505981934,6.0
421,8.0,1.8,4.9,8.0,38.6,63.9,0.6747409422235527,4.0
422,8.0,1.8,4.9,8.0,38.6,63.9,0.3805063771123649,2.0
423,8.0,1.8,4.9,8.0,38.6,63.9,0.3805063771123649,2.0
424,8.0,1.8,4.9,8.0,38.6,63.9,-0.26060239174734096,-1.3333333333333333
425,8.0,1.8,4.9,8.0,38.6,63.9,-0.4228539261329407,-2.25
426,11.6,4.1,7.85,1.0,24.0,140.7,0.9505468408120751,7.0
427,11.6,4.1,7.85,1.0,24.0,140.7,-0.3805063771123649,-2.0
428,11.6,4.1,7.85,1.0,24.0,140.7,-0.26060239174734096,-1.3333333333333333
429,11.6,4.1,7.85,1.0,24.0,140.7,-0.26060239174734096,-1.3333333333333333
430,11.6,4.1,7.85,1.0,24.0,140.7,1.1441688336680205,11.0
431,11.6,4.1,7.85,1.0,24.0,140.7,1.1760052070951352,12.0
432,11.6,4.1,7.85,1.0,24.0,140.7,0.3805063771123649,2.0
433,11.6,4.1,7.85,1.0,24.0,140.7,0.6747409422235527,4.0
434,11.6,4.1,7.85,1.0,24.0,140.7,-0.26060239174734096,-1.3333333333333333
435,16.3,6.0,11.15,0.0,16.2,212.1,1.299849476456476,18.0
436,16.3,6.0,11.15,0.0,16.2,212.1,0.8760580505981934,6.0
437,16.3,6.0,11.15,0.0,16.2,212.1,0.8760580505981934,6.0
438,16.3,6.0,11.15,0.0,16.2,212.1,0.3805063771123649,2.0
439,16.3,6.0,11.15,0.0,16.2,212.1,-0.3805063771123649,-2.0
440,16.3,6.0,11.15,0.0,16.2,212.1,-0.4636476090008061,-2.5
441,16.3,6.0,11.15,0.0,16.2,212.1,0.6747409422235527,4.0
442,16.3,6.0,11.15,0.0,16.2,212.1,-0.4636476090008061,-2.5
443,16.3,6.0,11.15,0.0,16.2,212.1,0.0,0.0
444,16.3,6.0,11.15,0.0,16.2,212.1,0.0,0.0
445,17.6,8.8,13.2,0.0,41.6,189.0,0.6747409422235527,4.0
446,17.6,8.8,13.2,0.0,41.6,189.0,0.6747409422235527,4.0
447,17.6,8.8,13.2,0.0,41.6,189.0,-0.26060239174734096,-1.3333333333333333
448,17.6,8.8,13.2,0.0,41.6,189.0,0.3805063771123649,2.0
449,17.6,8.8,13.2,0.0,41.6,189.0,-0.3805063771123649,-2.0
450,17.6,8.8,13.2,0.0,41.6,189.0,0.8760580505981934,6.0
451,17.6,8.8,13.2,0.0,41.6,189.0,-0.26060239174734096,-1.3333333333333333
452,17.6,8.8,13.2,0.0,41.6,189.0,0.0,0.0
453,17.6,8.8,13.2,0.0,41.6,189.0,1.299849476456476,18.0
454,17.6,8.8,13.2,0.0,41.6,189.0,1.1441688336680205,11.0
455,17.6,8.8,13.2,0.0,41.6,189.0,0.6747409422235527,4.0
