,PCA1,PCA2,Class
0,-0.5838902339835523,-0.48558836365267893,Orange
1,0.010233819872655795,-0.6306377398909341,Blackgram
2,0.2131506690730535,-1.2738943676439285,Lentil
3,0.03549313276525566,0.8115418348775646,Banana
4,-0.7950866797234083,-0.6555082045871106,Mango
5,-0.042617915656670814,-0.3569094559563319,Maize
6,3.9532533431814354,1.4295131676217283,Apple
7,-0.30990654131692386,-0.5304387000702563,Pomegranate
8,-0.7649300382248969,-0.491956473468732,Mango
9,-1.2760989057659018,0.4883570094240743,Cotton
10,-0.7001078742101644,-0.1662036400438406,MungBean
11,-0.22073296577474935,0.09888304026464652,PigeonPeas
12,1.1543340635057648,-2.1097043138734803,ChickPea
13,3.6573498509816598,0.9299751599291404,Apple
14,-1.2956487449267264,-0.05368739317139386,Coffee
15,-0.11576480999762878,-0.9540923610878614,PigeonPeas
16,-0.6628125249893687,0.2804930132115501,Jute
17,-0.8327222692711059,0.890209295182062,Jute
18,-0.7112265922573573,1.339089950002686,Jute
19,-0.8683884946529972,2.137778091200024,Papaya
20,0.1540199162051791,-1.2650212918846522,Lentil
21,4.19375217244465,0.33631095902964425,Grapes
22,-0.5629419311337477,0.7814563180740085,Rice
23,-0.7388399461246923,0.062087021282647925,Orange
24,-0.05177544793320426,-0.039633932207873625,MungBean
25,-0.3120417722365801,-0.7805444053550626,Mango
26,0.8135082571410134,-1.9795307120174104,KidneyBeans
27,3.2870750306741865,1.7192147323516467,Grapes
28,-0.24238664976594637,-0.20126751537594656,MungBean
29,-0.5217875566656197,-0.3442698125262921,Orange
30,-0.3379845676597731,0.1953683067700348,PigeonPeas
31,0.21584896783140506,1.4258463788503106,Banana
32,-0.45445878843407,1.2129057696691055,Rice
33,0.4365184336946348,-0.1661225212506123,PigeonPeas
34,-0.10945818922179427,-0.058924686432174855,Pomegranate
35,-1.2552932152596894,0.6660752363952436,Coffee
36,-1.660016332214997,1.0116414021097158,Muskmelon
37,-0.23588230466247323,-0.3444051085620058,Blackgram
38,-0.7191462254558534,1.6562575542348807,Papaya
39,-0.65076847484761,1.3905099791356188,Papaya
40,-0.39246587447916786,-0.058822258141127924,Pomegranate
41,0.7673751049898309,-2.4005924722763057,KidneyBeans
42,1.0024634158209442,-2.7789072184514336,ChickPea
43,-0.20367493923830074,0.11941666805681009,MungBean
44,-0.366313158113221,-0.4882350029675493,MungBean
45,-0.3799737136727659,-0.3630198589694281,Mango
46,-0.15392048271225237,-0.7099746900979843,PigeonPeas
47,-1.1307562064487462,1.0201908861870497,Muskmelon
48,-0.27725902356883136,-0.39670393084246586,Mango
49,-0.905786380425745,-1.5400407929411672,MothBeans
50,0.44599035480103966,-1.1663284059818628,PigeonPeas
51,-1.1579979265093807,1.0028384122729952,Muskmelon
52,-0.8158705282714395,0.7910331980668575,Rice
53,-0.08914971252170675,0.06538180120715588,Pomegranate
54,-0.7786594719368883,0.9313446349909773,Muskmelon
55,0.23294142079031208,-1.2882629113624617,PigeonPeas
56,3.6202283081835813,1.4964384701454565,Apple
57,-0.6366764296931504,-0.065180234166178,MungBean
58,-0.7734867490792625,1.2316802286479085,Rice
59,0.5081175709954413,-1.9912587153789258,KidneyBeans
60,3.765898557783309,1.2401812503767755,Apple
61,-0.8095963641039896,1.2935041949674442,Rice
62,-0.6468232825512107,-0.797359040106055,Mango
63,-0.0636419441594712,0.8591071417369287,Papaya
64,0.5971122271791446,-0.1561944684236734,MothBeans
65,-0.6756755856683018,0.7297527882866844,Cotton
66,-0.18521710120174048,0.638371094148321,Pomegranate
67,0.7602855934186677,-1.2671387146232798,PigeonPeas
68,-0.3399563424310068,0.7171844967415469,Papaya
69,0.2151085018267664,-0.7220345987713285,Lentil
70,-0.7118307993577259,0.37919412438550243,Maize
71,1.4911597634301401,-2.411684440953428,ChickPea
72,-1.0825777399800773,0.8334622161453672,Muskmelon
73,-1.0135266162191696,0.8541031516514835,Cotton
74,0.6559474345640902,-2.208911025092152,KidneyBeans
75,0.7404312013799439,-3.1941786334678524,ChickPea
76,-0.5090452031274295,-0.09560294836282539,MungBean
77,-1.7711064536494883,0.40940456181316653,Coffee
78,-1.3339256275212923,-0.45132472596540557,Coffee
79,-1.5425133647783311,0.23978005537283145,Orange
80,-1.2070701950578926,0.9455359042805955,Watermelon
81,-0.9846706153019079,-0.44509801727598614,Orange
82,3.36643481890903,1.7599303304538456,Grapes
83,-0.9013468945242719,0.0007538140844767842,Coffee
84,-0.3471364754811005,-0.481332948977086,PigeonPeas
85,-0.4003892001581396,-1.1336602819349555,Mango
86,3.9849090033322683,1.1233807984159392,Apple
87,-0.23901373924475738,-0.35407310845750684,Mango
88,-0.2321220691656038,0.2363270155510228,Pomegranate
89,-0.7338476618527509,-0.6449361093465461,Coffee
90,-0.7029002938211073,-0.8912450754702455,PigeonPeas
91,-1.639344049883304,-0.09895212407091708,Coffee
92,4.765558839030766,-0.07556990632223035,Grapes
93,-1.3120794634075317,0.7990864896715401,Cotton
94,-0.07908425335459134,0.021865850706419936,Pomegranate
95,-0.512871431593885,1.9927438886370292,Papaya
96,3.9586645329404297,1.3000106135641574,Apple
97,-0.19793726049521684,-0.9908889642633422,Blackgram
98,-0.4644057788961303,-0.4211255215521337,PigeonPeas
99,-1.0320186909685414,0.8944505103154688,Watermelon
100,-0.3448358967865361,0.949224004340889,Papaya
101,-0.423684569434638,-0.6628107618585956,Blackgram
102,3.7157507601093984,0.9538334374173695,Grapes
103,-0.2334222606686699,-1.0859372478915084,Lentil
104,-0.7967844463093646,1.143146121074184,Rice
105,-0.9320512768060161,0.12445316561162119,Coffee
106,-0.38134336319402423,0.63674719821137,Papaya
107,0.9745802059558465,-2.5550731081938975,ChickPea
108,-1.3508277120641614,-0.36703877716914474,Coffee
109,-0.8924369094641412,0.901322438330564,Jute
110,-1.130414199743915,-1.593258582253355,MothBeans
111,-0.46628091969401825,-0.10892501422100442,Pomegranate
112,-0.4943970218606496,2.093379386426891,Papaya
113,0.7585164037364047,-0.710809383412376,PigeonPeas
114,4.2419611781681255,1.1887882558832272,Apple
115,0.707769122775289,-1.9801423808108642,KidneyBeans
116,-1.1927269851102211,0.7833756226549875,Orange
117,-0.7972265309642225,-1.4575565223747786,MothBeans
118,-0.0738209736013203,1.5185125353989466,Rice
119,-0.8430639927865275,-0.06485377131501362,MungBean
120,-1.158084468397474,0.5941712685595946,Watermelon
121,-0.2718492333520163,0.16494768657445869,Pomegranate
122,-0.3190049434169983,1.0825767303015514,Coconut
123,-0.44840366705950585,0.9117876676603522,Coconut
124,-0.8988168476162006,0.9462262236244634,Jute
125,-0.5698562660919817,-0.4303274688842654,Pomegranate
126,0.4642508061045766,-2.154987127685329,KidneyBeans
127,-0.20852631902108104,-1.024790742110434,MothBeans
128,-0.7873616229833962,0.5777436076603092,Jute
129,0.9007589831913722,-2.239234345835119,KidneyBeans
130,-1.0644936936781224,1.0408595041597803,Rice
131,-0.07439230643888514,-0.7638605013113718,Lentil
132,-0.2155808977902734,0.7696268565225428,Papaya
133,-0.1345295295543481,-0.13833334696376223,Pomegranate
134,-0.2524792728601247,-1.2043527174468538,Orange
135,0.9243671526800178,-2.5056390904370196,ChickPea
136,-0.5716392032262826,1.1229064813989258,Jute
137,-0.8519470818655674,-0.04622813433051604,Pomegranate
138,-1.376654662889665,0.06523224446312775,Cotton
139,-0.8347249194122051,-1.984852242949804,MothBeans
140,-0.5124611197397694,0.17270872756730965,MungBean
141,3.072610928603553,1.667526173392192,Grapes
142,-0.6022229101957877,-0.18479238029456574,MungBean
143,0.6893736235263296,-1.0728241262919562,Lentil
144,-1.4340197956757745,0.29646644661011584,Cotton
145,0.8267779495810345,-2.2967791871995646,KidneyBeans
146,-0.27017249148129535,-0.3476009328363613,Mango
147,-1.222933590637924,0.8343096059686715,Muskmelon
148,1.1018624032254862,-2.368787438661573,KidneyBeans
149,-1.0331995770336329,0.4847183811787369,Orange
150,-0.5209193946347782,-1.0609468639780626,PigeonPeas
151,-0.3103106370997798,-0.045619783885557465,Maize
152,-0.30698689999099427,1.0255459902876372,Jute
153,-1.113460993500516,0.44875238122400934,Coffee
154,-1.1739319600517455,0.5306177371048652,Cotton
155,-0.1878856360115616,-0.5817573831344707,Maize
156,0.16259940072485693,-1.2783474017054963,Lentil
157,0.71776876376829,-2.48719357981233,KidneyBeans
158,-0.6723998141797858,0.5354198894349843,Pomegranate
159,-0.8554939955572484,2.3626442819294926,Papaya
160,-0.25864406601518714,1.5604021720091157,Rice
161,0.6862079404786121,0.1074408853249056,PigeonPeas
162,-1.1188948010250457,0.9744833522057933,Muskmelon
163,-0.4017751810497431,-0.46326019558460085,MungBean
164,0.7142690931085393,-2.001486386180133,KidneyBeans
165,-0.2442833660165974,-0.3148354475392003,Maize
166,-0.378505196693573,0.7691182633745068,Jute
167,0.9536774990261822,-2.4250068685595894,KidneyBeans
168,0.5240843978853287,-2.4236481399762244,ChickPea
169,-0.9191419996848905,0.2817671685473255,Cotton
170,0.27618819652176474,-0.541059564970471,MothBeans
171,4.004293603950275,1.3085841997571133,Apple
172,-0.15304912749609959,1.0547101979495177,Papaya
173,0.2605528401841933,0.2696953080417557,Pomegranate
174,-1.4560040819983844,-0.05191620247081908,Cotton
175,-0.3331498283686099,0.04581241736007277,Mango
176,4.060389453093309,0.1627415444866339,Grapes
177,-0.4525325234194088,-0.7317293552779781,Mango
178,-1.0402588854878134,0.3637809637629245,Coffee
179,-1.5955023492324072,0.26251938323260804,Coffee
180,-1.2466583824360908,0.5249625025446434,Cotton
181,-0.632604365435628,-2.0791280258611016,MothBeans
182,-0.9839639636109725,1.1636020281011241,Coconut
183,-0.3849919162791445,0.9838205579673427,Coconut
184,-1.043406142201309,0.9840933289765549,Coconut
185,3.7668223758371107,1.569366985766722,Apple
186,-1.6903034094359501,-0.08329054780912859,Orange
187,-0.5349718274141384,-0.009210061800774336,Mango
188,-0.18025008666143505,-0.34656783117449574,Mango
189,-0.5884408894614499,-0.35151076663592745,Orange
190,-0.1722136261324477,1.0097930907758423,Banana
191,3.707470455673526,1.3465020765234879,Apple
192,3.786094804394601,0.5341554586277908,Grapes
193,-0.0006763187539908956,-0.7281854664334146,Blackgram
194,0.54513401042094,-2.0941025636167674,KidneyBeans
195,4.539303170605611,0.08208975616573178,Grapes
196,-0.6292628049064721,0.6005553785592462,Cotton
197,0.6438201092304261,-1.3394220044324425,Lentil
198,0.38042376630110514,1.1864524625139496,Banana
199,-1.306627932772387,-1.2772654195037538,MothBeans
200,3.6711191309780644,1.3101107587177594,Apple
201,-0.579527250117961,1.0290060635010025,Jute
202,0.23033934096063508,-0.9309256335804962,Lentil
203,-1.1538001959111013,0.30635347517391814,Coffee
204,-0.9715495055318195,-0.1914503956043655,Orange
205,0.0961202742988537,-1.2606904501204037,Lentil
206,0.2112795586348146,-0.8117323215020078,Blackgram
207,0.4240680917025342,1.3702485135403872,Banana
208,0.5424508824779568,-2.062179147396311,KidneyBeans
209,-0.07322396804190628,-0.4418930651527823,Pomegranate
210,-0.6437936318138884,1.0107246634847966,Jute
211,0.0257177204473954,0.6860022424587748,Papaya
212,0.49997914092549917,-1.6338354183231671,Lentil
213,-1.0640361675218462,0.8092758903363031,Coconut
214,0.610104937109135,-2.2800466939428583,KidneyBeans
215,0.5727485714075874,-1.8530606146152186,KidneyBeans
216,-1.1214984603950549,-2.260540455779675,MothBeans
217,-0.670287885859147,1.4812903588767035,Papaya
218,0.7615338084757027,-2.936608546552879,ChickPea
219,-1.1707281278614048,0.27498042664245465,Watermelon
220,-0.3004334169924686,-0.8588687560585261,Mango
221,-0.6323490251069522,-0.9598508252776138,Mango
222,-0.26387681770803734,-0.03597708984354653,Maize
223,0.4716549617562366,0.9636006383006989,Banana
224,-0.6388974352624582,0.6904477114988734,Rice
225,-0.053579238642368764,-1.2703071312605358,MothBeans
226,4.0107038508043376,0.8902401188721466,Apple
227,1.1157892496918305,-2.44577634744953,KidneyBeans
228,0.1255543853050042,-0.9545037031353327,Lentil
229,1.1242528442771482,-2.477926277475454,ChickPea
230,0.8064006958646547,-2.4030872327416835,KidneyBeans
231,-1.294613976640019,1.125277569131097,Cotton
232,-0.041083232589466466,-0.3954874544228217,PigeonPeas
233,0.9437419656955021,-2.9252245972374524,ChickPea
234,1.2819267244253272,-2.206897827206358,ChickPea
235,-0.857279944866903,0.6279157088292037,Muskmelon
236,3.7452882546139548,0.5410624477097681,Grapes
237,-0.1728035286613023,-1.3075587881759312,Lentil
238,3.8831211664835785,1.1935834174318576,Apple
239,-0.4413978659479618,-0.24039804041873827,MungBean
240,0.4689479664688396,-0.7891509388190977,PigeonPeas
241,0.9861750216982302,-2.5564311766974535,ChickPea
242,-0.9789289228795811,0.6588614761928073,Cotton
243,0.9261309579365316,-2.632205471068166,ChickPea
244,-0.03546687113376307,-0.7626661624190963,PigeonPeas
245,3.797462383776974,1.0138106066303443,Grapes
246,3.836839050064016,1.4769718380620946,Apple
247,0.5146181809686602,-1.9998086144346845,KidneyBeans
248,-0.7560102525831942,-0.5283233350600496,Blackgram
249,-0.08785748884832381,-0.8649169426942322,Blackgram
250,0.7879767120405565,-1.1777493569235689,PigeonPeas
251,-1.0286788255151036,0.49268160661887717,Coffee
252,-0.10240277757079867,-1.0157683266545177,Lentil
253,-0.449467355418869,0.4356278431378439,Cotton
254,-0.9240780257443412,-0.8613557268765288,Orange
255,-0.5594445141826291,0.42030608320915724,Pomegranate
256,-0.37902278597317446,-1.0611002291696403,Orange
257,3.685163671556022,1.0764103066449071,Apple
258,0.8204509704645816,-0.38189336784788663,MothBeans
259,-1.0156908692421813,0.3148900099759658,Coffee
260,-0.2703986655751452,-1.0823277790603971,Lentil
261,0.1491639907635649,-0.8624671351050944,Maize
262,-0.6403446699638081,-0.20079698092263676,Maize
263,-0.5221317028081106,-0.18697512570645752,Pomegranate
264,-1.1648558007094567,1.1144255301679669,Muskmelon
265,-0.7492178580748373,-0.2816618820528429,Maize
266,-0.27635930819797366,0.15619220773198814,MungBean
267,-0.5846726542838836,0.7901026976503122,Jute
268,-0.4319441045967512,-0.737527694466972,Maize
269,0.12396868055137657,-0.9657624901492935,Lentil
270,1.0940780089647506,-2.7343339874496935,ChickPea
271,-0.5608234415737402,-0.07651945311989974,MungBean
272,-0.8843505170425894,0.93844487855241,Coconut
273,-0.762351828674825,1.5208283082656278,Coconut
274,-0.9898659066827525,0.3633565132810099,Cotton
275,0.5845546014660825,-2.386346359684568,KidneyBeans
276,0.8208156886293032,-3.2077132598788793,ChickPea
277,-0.4144878840006208,-1.7667462723294822,MothBeans
278,-1.4250480397200906,-0.12702198264331188,Coffee
279,-0.6843442044479893,-0.33675333884336117,Blackgram
280,-1.1991968487840736,0.6760251857840606,Cotton
281,0.0512830258682929,-0.6115077587601729,Maize
282,-1.0893799042212742,-2.7774663457390156,MothBeans
283,0.2738330247579142,-1.0862206974398338,Lentil
284,1.0239559465856751,-2.517650265146382,KidneyBeans
285,0.3800896266483048,1.0630909402693578,Banana
286,-1.1193334790411116,0.4998567861977346,Watermelon
287,3.6121549838536855,1.4763795778193678,Grapes
288,0.19504980857429713,-1.4458051768560767,Lentil
289,0.010738887204207941,-1.0108281582269825,Blackgram
290,-0.5952488969686066,0.7696862210964482,Rice
291,-0.3915711649801937,-0.3444206541778407,Pomegranate
292,-0.7834511180104384,-0.5624616442860384,Mango
293,-0.6608549887413251,0.9009297862474439,Coconut
294,-0.7845209248634356,0.10535554672406512,Cotton
295,0.4814304119633282,-0.762868597397423,MothBeans
296,-0.021863128024917997,-0.1623459699486569,MungBean
297,0.02882174950962261,-0.7777177287669916,Lentil
298,3.9244507252831196,0.6310388372839851,Grapes
299,0.5072575549266221,-0.8179685916033756,PigeonPeas
300,-0.04051986367096578,1.1875404928372286,Banana
301,-0.6728022625971866,-0.0253079497195513,Maize
302,-0.09049988628249701,1.2356761371024743,Banana
303,-0.9433977530614517,0.9410572232154788,Muskmelon
304,3.8329630401493473,0.6499818587325923,Grapes
305,0.2553733271583724,-1.5960782767029271,Lentil
306,-1.3021087252195442,0.4222955807194075,Watermelon
307,0.2616262671193105,1.0470666928160304,Banana
308,3.7451245647621927,1.291863999726935,Apple
309,-0.24078391811696873,-0.23448340874250412,Mango
310,0.4949232994681158,-0.30207870169830914,MothBeans
311,0.1100886186134373,1.1364963262157595,Banana
312,-0.8247039740776547,0.08603420181230109,Orange
313,-0.7211933693097846,-1.0280159588288726,Orange
314,4.152720374329274,1.3312407396348245,Apple
315,-0.35030674143034735,1.1313237162539993,Jute
316,-0.08199384472634937,-0.6602632009149623,Mango
317,-0.7556825828906774,1.742342722865618,Rice
318,3.8242715040027857,0.5549480449822873,Grapes
319,0.432876548623543,-2.6600925318722726,ChickPea
320,-0.4548425562688485,1.2717328004266621,Papaya
321,-0.8073027084224814,-0.19169209891270553,Maize
322,-0.9548808767251709,1.1393451367052247,Muskmelon
323,-0.13435519963996068,1.5485134906375677,Papaya
324,-0.4745998667436013,0.7629178442090485,Jute
325,-0.30886290309462305,0.07667021529831695,Maize
326,3.9324589413581967,1.0713278547403096,Apple
327,-0.2715792542867876,-0.7554286385101483,PigeonPeas
328,-1.1114919448687035,-0.15743371976971926,Coffee
329,3.877619823517478,1.3968213781674947,Apple
330,-0.5334916629133687,1.2359031356679815,Coconut
331,0.6275250083094028,-1.0427776715491903,Lentil
332,-0.5195275561289727,-0.992364174125342,Mango
333,-1.2882691986187873,1.2220168273637735,Muskmelon
334,-0.16016792513946745,0.753043075749467,Jute
335,-1.2062250035950361,-0.11309332905289284,Cotton
336,-0.5243016325857932,-0.9258020792713256,Orange
337,-0.4526112804349907,-0.14152011566193745,Pomegranate
338,-0.4333804237726741,-0.3293287790741417,Blackgram
339,-0.8612240907236961,1.578435563387393,Rice
340,0.8018224196406679,-0.11202692837876342,MothBeans
341,-1.0148609004214437,0.7555489632329025,Muskmelon
342,-1.279222521619521,0.43436408641031665,Watermelon
343,-0.2783931200432619,-1.4644738706112028,Lentil
344,0.1948266498983436,-1.461162317440207,PigeonPeas
345,4.4783215437405,0.25100623377397224,Grapes
346,-0.5582174253668621,-1.6395079029593809,MothBeans
347,-0.6430918944499798,0.012062859256371643,Pomegranate
348,-0.7952161117340973,0.7354667296477314,Jute
349,-1.1205453730242452,0.6694792276655418,Watermelon
350,-0.8193872265376411,0.2830814414342424,Coffee
351,-0.6927653485645477,1.2494545308520228,Jute
352,3.8511602848846036,1.237910667648678,Apple
353,-0.4001869519508266,0.38003472908170394,Jute
354,-1.7439529261376556,0.5705905523719065,Orange
355,-0.28936489530156356,-0.7199449352962012,Mango
356,0.6863548608299491,-2.4256200424860457,KidneyBeans
357,-1.4192321924310116,0.2970561961579611,Watermelon
358,0.126743055342403,-0.6789337779490909,PigeonPeas
359,-1.0100942014252163,0.7972437657209958,Cotton
360,-1.3820639194179962,0.08481153278582938,Orange
361,-1.1183862459577483,1.0427963644305858,Watermelon
362,-1.2306568342781432,1.0098585246927718,Muskmelon
363,-1.444917617791547,-0.21124574617978562,Cotton
364,0.423959124482742,-1.8110624861290405,KidneyBeans
365,1.324421296841587,-2.274116852139632,ChickPea
366,-0.1813365036159381,-0.12048762918888627,Blackgram
367,0.01637930997397071,-1.647734635293266,Lentil
368,-0.8122516754737141,0.2932546926229229,Jute
369,-0.3331306919497377,0.3454846072280336,Pomegranate
370,-1.135286122573309,0.7203571966031943,Muskmelon
371,-0.6097508631005898,0.9625239818692342,Coconut
372,0.3543794137830716,1.1635947149229071,Banana
373,-1.132737498613203,0.8027834125349884,Muskmelon
374,0.1496572528894192,1.0219743185188037,Banana
375,-0.6401217970830891,-0.17512090725649165,Maize
376,0.3260453912640248,-1.1218124099128242,Lentil
377,4.378519571769744,0.20440873655192654,Grapes
378,-1.7295426322246084,0.698812232956498,Coffee
379,0.9176179359326248,-2.5541935492213974,ChickPea
380,-0.23729874334061296,-0.23835929407621065,MungBean
381,-0.1964546113997456,-1.0153602735721268,Lentil
382,-0.37685744715310837,-0.5542230567432976,Blackgram
383,0.23089260649513024,0.990527265007002,Banana
384,-0.5404373883284618,0.3032012096711798,Jute
385,-0.05847853893657241,-0.9741252235292147,Mango
386,0.6265597061438948,-0.49008276639798,MothBeans
387,0.5965214056872115,0.2518948643096756,MothBeans
388,-1.0320421534615225,0.29500977684976654,Watermelon
389,-0.1251201380082909,-0.8081940297522148,Blackgram
390,-1.059301369152402,0.3441888646030605,Orange
391,-1.3025795651604963,0.9331853844104545,Watermelon
392,3.912771345359287,1.4974226703397455,Apple
393,3.946431334876312,1.1418559783623332,Apple
394,-1.1479770876287791,0.7269643491427084,Coffee
395,-0.4414144791345844,-0.6595982086257828,Blackgram
396,-0.734972697075197,0.6119452386785897,Watermelon
397,-0.9404297328263594,0.1755638560815749,Cotton
398,-0.6822320271407147,-0.02255319129408245,Maize
399,-0.25031576946342743,-0.7345359871762893,Blackgram
400,3.404772699518605,1.438476991584029,Grapes
401,1.4298105634522256,-2.4012780324650373,ChickPea
402,3.2211079782668515,2.024071609576701,Grapes
403,-0.6024178446007548,1.3746907311373509,Coconut
404,0.030979129732946305,0.8185814797761777,Banana
405,-0.2795961975308734,-0.005006403479461966,MungBean
406,0.2940578506417233,-1.5836537392110877,MothBeans
407,-0.8099891559209456,0.18244957539459214,Cotton
408,0.9576072039754501,-2.51381500261529,KidneyBeans
409,-0.893008517147574,0.4953877223457834,Cotton
410,-1.139386658929048,0.6120620243561009,Watermelon
411,-1.02217245317548,1.064156208453535,Coconut
412,4.272805079118256,0.2869851830939159,Grapes
413,3.4925560580165422,1.0435121649767807,Apple
414,0.11336799171028568,0.4930080630239487,Papaya
415,-0.2079516805058692,1.4216130872851618,Rice
416,-0.9275106217606557,0.6947686959174494,Watermelon
417,-1.5761650988461176,0.06703624519229454,Coffee
418,3.869810794600848,1.3363884054717725,Apple
419,3.6488114902505284,0.47744792691684645,Grapes
420,-0.7601761822573793,0.2877285485073886,Mango
421,-0.617636191866428,0.7706228696462503,Coconut
422,0.5412377312922431,-0.935467904230808,Lentil
423,-0.6210628604760118,-0.4264096076390761,MungBean
424,-1.0655185538316359,0.7363921386279663,Muskmelon
425,-1.0446701173010535,1.0833063485837071,Coconut
426,-1.0788577911846795,0.6062549947103465,Orange
427,-1.270769594990017,1.1931288612656963,Muskmelon
428,-1.0988369248506324,-0.5605256638416114,Orange
429,0.7776611702951008,-0.8227706520727017,PigeonPeas
430,3.681155763919241,1.2755034333550888,Apple
431,1.012456669470934,-2.6069169738110975,ChickPea
432,-0.24759949971073436,-0.8329325301964339,Blackgram
433,-1.2631459044140823,0.34558801037122805,Coffee
434,0.7255983692539335,-2.2587848030798163,KidneyBeans
435,-0.7021600370514707,1.1526349248660968,Coconut
436,0.3590777506288556,-2.6632583796014786,ChickPea
437,-0.6378395814947582,-1.681331837450506,MothBeans
438,-0.6230549104517447,-1.921121654776846,MothBeans
439,3.879559239338336,0.6764450485136742,Grapes
440,0.8511492565670241,-2.469129813401599,ChickPea
441,-0.8622024390327366,-0.481663201436646,Orange
442,0.13398022083652392,-0.9143226365685508,Lentil
443,-0.30791484683782994,-0.39364417336291335,Blackgram
444,-0.1349860994295085,0.9719937270576207,Banana
445,-0.7915648459366821,1.465390750438298,Coconut
446,-1.4777310433049566,-0.3202750796170426,Orange
447,-0.5624655042206294,0.3825404768444476,Rice
448,-0.21993234165891237,-0.324173982197123,MungBean
449,-0.18704261851534307,0.9969657118275256,Coconut
450,3.285592477267784,2.1918834187322473,Grapes
451,-0.5034214188430698,-1.4846255579944643,MothBeans
452,-0.718339731525166,1.1905953552941788,Coconut
453,0.5810697043994106,-2.0134191559705505,KidneyBeans
454,-0.6537254403995199,1.0766983694255348,Coconut
455,-0.17939071904606146,-0.22123354712532145,MothBeans
456,0.24820073774332854,0.8696569060291779,Banana
457,-1.0467466167753414,-0.37665381478934057,Orange
458,-0.9872329017171766,0.5447705263022635,Watermelon
459,-1.5065953185956353,0.30428238794793294,Coffee
460,-0.5857085172432368,-0.3210376077400507,Blackgram
461,-1.1995055181343506,1.0825722798301949,Muskmelon
462,-1.0353283454443427,-0.527451166366182,Coffee
463,-0.95164757246428,0.8785077921709807,Muskmelon
464,3.9969585965411643,1.2909834428653724,Apple
465,-0.06245506756593331,1.0207444590151926,Banana
466,-0.17687809661827741,-0.6089697706829482,Maize
467,-1.2226179535801478,1.11094634719857,Muskmelon
468,-0.5190939155027035,-0.5944653408825632,Blackgram
469,4.090862077136843,1.3851513648164622,Apple
470,0.09648746873997865,-0.3765818382466417,Blackgram
471,0.30091175319877506,-1.1448926501512322,MothBeans
472,-1.1044344612946504,0.3337279889950906,Watermelon
473,0.15726564525783573,0.958902703024284,Banana
474,-0.906435607611082,0.568442208302941,Watermelon
475,-0.7716377712007709,-1.8681363140712497,MothBeans
476,-0.4119116306266419,1.2633864546429139,Rice
477,-1.1723758818943444,1.5640052042406338,Coconut
478,-0.423765136847171,-0.090955173107261,Mango
479,4.251526845809148,-0.2004500666029044,Grapes
480,-0.3959909608678172,0.35653963747818834,Pomegranate
481,0.6919317852411976,-1.9792417998174023,KidneyBeans
482,3.5075548798322957,1.8214684581775407,Grapes
483,-0.5092787549638701,0.9599671905413589,Jute
484,0.0031583973472473644,1.3967910563522765,Rice
485,-1.1517808114145982,-0.015871314233087172,Cotton
486,-0.70252808062294,-0.06732062372417355,MungBean
487,-0.024139364239489442,-0.7877850658343966,Blackgram
488,1.0339604282793837,-2.3244103481397156,KidneyBeans
489,-0.12348129287183404,1.5108709480193119,Rice
490,4.593088719880135,-0.019447377241091215,Grapes
491,3.940869668734594,1.4889641912303089,Apple
492,-0.6572722748337995,0.11897221979089846,Pomegranate
493,0.34922454940451414,0.24248320569674578,PigeonPeas
494,-0.8273953803190753,-0.16811786494317538,Maize
495,-0.17663629147753143,-0.27335840644390125,Maize
496,4.08697496155546,1.288817301340468,Apple
497,1.0693566144590905,-1.0211868280529024,PigeonPeas
498,-0.9650138701790653,0.8049174396952399,Coconut
499,0.3718013487112932,0.1435647040122801,PigeonPeas
500,-0.346385744569899,1.7616235163035379,Papaya
501,-0.14036747931240223,0.5148841894543019,Papaya
502,0.3603750209108066,-2.930325048268565,ChickPea
503,-0.8780562776744273,0.8451657442220235,Orange
504,-0.3403935845725194,1.244176987115203,Rice
505,-1.1263921739638763,-0.128669631668138,Orange
506,-0.5052382568279925,-1.0019278005115564,Lentil
507,-0.24448448412530482,-1.301321451115953,Mango
508,0.35654598478143895,1.254346756493445,Banana
509,0.38481912490726755,1.2102806727972413,Banana
510,-0.8791567677628236,1.1174298146024955,Jute
511,4.455122970272317,-0.13743169643633615,Grapes
512,-0.9224705153383711,1.8555846474171613,Papaya
513,4.085672767307863,0.9446339186665871,Apple
514,4.108943084597793,0.35738997824412205,Grapes
515,-0.9272639905846173,0.6818722269218037,Watermelon
516,-0.8062435450177953,0.4920779705778596,Cotton
517,1.1624848826628682,-2.4393488317383016,KidneyBeans
518,-1.1889981214456216,0.46987480881523247,Watermelon
519,0.11861559170911923,-0.4636552738913338,PigeonPeas
520,0.14626330695643103,-1.394574303431318,Lentil
521,-1.2219296899957133,0.9475350108383416,Muskmelon
522,-0.1194843545455457,1.4473402210239639,Banana
523,0.561735341344722,-1.6441751791998664,Lentil
524,4.055689704582397,1.3293473116911532,Apple
525,0.5427186528708471,-1.91754001019302,KidneyBeans
526,0.21760506654654557,-0.29486747625367604,Mango
527,-0.04686082063951989,-0.3880609535732062,Maize
528,-1.4363180005373108,-0.293598271454309,Orange
529,-0.12070205269875879,-0.12554723355491954,Mango
530,-0.7210292976230921,1.2646291785625359,Coconut
531,-0.2617360810386234,1.6683349062863921,Rice
532,-0.47733182750012404,-0.5374029040302669,Orange
533,-0.9738870684169737,-0.25128321924612707,Coffee
534,-1.4386331094709626,0.29467985838428346,Cotton
535,0.37735526210444115,-0.7069816726140642,PigeonPeas
536,-0.4000971732139238,-0.9253886560430222,Blackgram
537,-1.394385883851347,0.9869722658880664,Muskmelon
538,0.1466493084820354,-0.2134913830824029,MungBean
539,-1.435335954102285,-0.2273310057696098,Coffee
540,-0.5347474905974884,2.1564932399058567,Rice
541,-1.1366176223825926,0.7837947553549472,Muskmelon
542,-0.532196648322653,1.4731097255800352,Papaya
543,0.3407832218995876,0.3022887905201823,Papaya
544,-0.2626411416363389,-0.0911566559381961,MungBean
545,3.2569659095951873,1.7897820634119475,Grapes
546,-0.8391055165103207,-0.3945927847821237,Mango
547,-0.5521861779323041,-0.006075162057483445,MungBean
548,0.8423051379939905,-2.8284445715098214,ChickPea
549,-0.4916181961485514,-0.33106826726820693,Maize
550,-0.2863101087035687,-0.04546198984273397,Mango
551,-0.4561414831076351,0.02307358816527086,Pomegranate
552,-0.8564060730804095,1.2427544141408826,Coconut
553,-0.31246421466647123,-0.5457696387277085,Mango
554,-0.7998313063147464,-0.9013333038130383,Maize
555,-0.6642665036266316,1.2921135925766738,Coconut
556,-0.13926697608861618,-0.4612179121325308,MothBeans
557,0.25989114399673335,0.899587248308625,Banana
558,-0.9418418692910222,1.5139716118656381,Coconut
559,-0.520316421700648,1.082348199855757,Rice
560,0.4817876826997936,-0.866021576725227,PigeonPeas
561,-1.540754318294077,0.26414031923249687,Coffee
562,0.9387025242857902,-2.734489978213054,ChickPea
563,-0.7585240523672551,0.7393033946767176,Coconut
564,0.11720798759889738,-0.11359935875912514,PigeonPeas
565,0.1592085032331839,0.6128368907735092,Papaya
566,-1.109239542865723,1.0698570404247671,Muskmelon
567,-0.5137566476855526,-0.6091260332386482,MungBean
568,-0.7583048753765669,0.9911282997044739,Rice
569,-1.0859338081709973,0.34275623625468704,Coffee
570,-0.29120192673401246,-0.485007667794339,Blackgram
571,-0.536544875301542,0.25833169373416376,Pomegranate
572,3.9828376197664825,1.1508523292056774,Apple
573,-1.5011807684643306,0.8164706264939319,Watermelon
574,1.1552340465100615,-2.6525018875439654,ChickPea
575,-1.329270203657502,0.6848726506564827,Watermelon
576,0.3224222162931011,0.8853099928052556,Banana
577,-1.103747639692431,0.4961960395429128,Coffee
578,-1.2071938714568013,0.24204876680062012,Coffee
579,0.7151956288446522,-2.61201162115059,KidneyBeans
580,-0.7456037472642291,-1.629145284103201,MothBeans
581,-1.3200385118806375,0.8477495568080495,Watermelon
582,-0.35723476898017553,-0.6398409443778165,Blackgram
583,0.505773797677097,1.1717367973877837,Banana
584,-0.8906072589162948,0.4258865308779411,Cotton
585,0.574576982772132,-1.760010414473007,KidneyBeans
586,-0.2925906269525633,-0.8584225964222053,Maize
587,-1.0845682445440616,1.1597271993980833,Muskmelon
588,-0.9485853213916132,-1.1879089405571968,Orange
589,-0.22462799799767372,0.13963924663154348,Pomegranate
590,-0.48671704973894825,-0.20292408363959313,Maize
591,-1.016891551533141,0.9497431776745594,Muskmelon
592,3.57850023252029,0.9654122400696519,Grapes
593,-0.48781765258157217,1.8868110202223116,Papaya
594,-0.6429127808553919,0.8872617632128881,Muskmelon
595,-1.3695346213592987,0.5207994443367616,Orange
596,-0.8884675411215154,0.8290224635086024,Muskmelon
597,-0.7077897285838098,0.644124328330324,Jute
598,4.516870665430339,0.08804329220231742,Grapes
599,-0.6034336622987733,0.3777951748782654,Jute
600,-0.5133515302455008,0.962227850587127,Jute
601,-1.5019182464792808,0.12675619037733715,Coffee
602,-1.022280880375664,0.20017604988500426,Cotton
603,-0.2586421386659873,0.2709179654278552,Pomegranate
604,-0.9138167466894112,0.8240611192538144,Cotton
605,0.6954148658621099,-2.1292707954205015,KidneyBeans
606,-0.4693705016029508,0.010905673590070905,Orange
607,-1.364448630108961,0.4877582381365819,Coffee
608,0.47845532114220046,-1.5476488285688055,KidneyBeans
609,3.9141430348108948,0.7508255554342667,Grapes
610,4.292498530116135,0.19984433380790714,Grapes
611,0.6444215112807865,-2.8351452803573074,ChickPea
612,-0.6649596568836909,-0.1450783554541865,Mango
613,-0.2843139580591361,0.04836922801569932,Pomegranate
614,-0.8418382901434857,2.3206633108079022,Papaya
615,0.8379190949681565,-2.042621788194389,KidneyBeans
616,-1.4266365514332338,-0.14689199224725547,Coffee
617,-0.1496297525700526,-0.09128347332455673,Pomegranate
618,-0.5054766110958688,0.008979675093632667,MungBean
619,-0.39628991286992715,1.0320036611155434,Papaya
620,0.32985628489710245,-1.8175335044815464,KidneyBeans
621,-0.42788094326639564,-0.8877784685082427,MothBeans
622,-0.31398161721724227,0.5873406474298722,Coconut
623,-0.27780455176915236,-1.0880859535003191,Lentil
624,-0.46012064713663914,0.6081979853689595,Pomegranate
625,-0.37630864545998116,-0.8570263849506834,Mango
626,-0.027656740683086923,-1.2346547792747493,Lentil
627,-0.040806221645959845,-0.6014546600302043,Blackgram
628,0.028556301823392305,0.999680019678189,Banana
629,-0.8951345981612621,0.6227979036678281,Watermelon
630,0.31276072417134004,1.0742833846302458,Banana
631,-1.1835815612334732,0.5966404080946991,Watermelon
632,-1.400358190200681,-0.4146778360779804,Orange
633,-0.7174176622961008,-0.13117897799171666,Maize
634,0.02823372192950512,-1.2420510557095323,Lentil
635,0.3126092468894127,1.2610058596420268,Banana
636,0.909823818744559,-2.2784423120870514,KidneyBeans
637,-0.8642185426840784,2.032782176133454,Papaya
638,-0.2901979302818032,-0.4843965198736387,MungBean
639,-0.958674649763759,1.3866493691039026,Coconut
640,-1.5862136297116962,0.31836497912958595,Cotton
641,0.040471018565633204,0.3325392397445249,Pomegranate
642,-0.8756423787842732,2.196738459524363,Papaya
643,-0.5526849421458502,0.14886660185920136,Maize
644,-0.8485060283805641,0.32960612936341366,Cotton
645,3.856133258393842,1.377943040172502,Apple
646,4.327400534251049,-0.36054010768123296,Grapes
647,-1.7790661605411213,-0.06717888909142897,Coffee
648,-1.226901829925613,-0.013268316409886575,Coffee
649,-1.1064398214593494,0.5891121283680444,Watermelon
650,-0.4745089557169554,0.5164859608147502,Jute
651,-0.6206531198830442,-0.3532957451478237,Blackgram
652,-0.42997896814614966,-0.9112862393797434,Mango
653,-1.125125903451312,-0.059575166402174015,Cotton
654,-0.36458893415876786,2.010807356349057,Rice
655,-1.0626850239372663,-0.21396765281476685,Orange
656,3.5925590465297828,0.4022667654587518,Grapes
657,-0.6583506981948256,-0.46757541282509146,Blackgram
658,-0.1056939892428593,-0.23449773109205788,MungBean
659,-1.1520849721315636,0.444048871493946,Watermelon
660,-0.6492179928925612,-0.07042575341902356,Maize
661,0.27891646301879447,-1.6033372946066098,Lentil
662,0.5871330752512821,-2.2503047128620857,KidneyBeans
663,2.9103350658907514,2.113813644097768,Grapes
664,-0.8590972950120433,1.0928045909559507,Rice
665,-0.7428861415742082,-0.40720947046938544,Orange
666,1.4209239171399597,-2.380630488574999,ChickPea
667,4.229609361183877,0.36510289264895074,Grapes
668,-0.8087669388452141,0.8934790145557994,Muskmelon
669,3.82672861472429,1.11428980242864,Apple
670,0.32689278492742063,-1.1688329824940764,Lentil
671,-0.9750621689924179,-1.4267235334348267,MothBeans
672,-0.889840020018815,-2.0994168055479188,MothBeans
673,-0.15286460501560287,-0.16542229471387204,Maize
674,0.2336894900465692,-2.920836044744328,ChickPea
675,-0.9680944162637076,0.028615389394879693,Pomegranate
676,-1.0716817447372062,0.4572852247493647,Watermelon
677,-1.4039582365304781,0.3740129335942388,Orange
678,0.041539562416610054,-0.713838390861607,MothBeans
679,-0.4228613295923522,-0.15694203895149642,Maize
680,0.6073225418451378,-1.148277165941918,PigeonPeas
681,-0.1260885539344257,0.06379942790151116,Pomegranate
682,0.5565633958222649,0.20766406938569307,PigeonPeas
683,3.859149200511039,1.1737808410101518,Grapes
684,-1.402872941479776,-1.6427245243407949,MothBeans
685,0.932876476916713,-2.346952182562096,KidneyBeans
686,-0.2586775351955556,-1.4685077591415767,MothBeans
687,-0.7250642129074829,0.1573495542057457,Jute
688,4.05874715619628,1.2781117958423174,Apple
689,-1.1267366050431733,0.014761489608909939,Cotton
690,0.13583405973286128,-1.1283042895931075,Lentil
691,-1.165171928574432,-0.241008271238922,Coffee
692,0.5424185935300114,0.8809640721806781,Banana
693,3.7415495676383435,1.038566199609618,Grapes
694,-0.6107903704536563,-0.2968332727601309,MungBean
695,0.022784104355792055,0.5617764018578687,Papaya
696,-0.43067225796115866,-0.7537111627388442,Maize
697,-1.493637731823439,0.20323558718804868,Coffee
698,-1.2538498836702956,0.640916512775962,Watermelon
699,0.5477420192385234,-0.29345221749481054,PigeonPeas
700,-0.5501316672170797,-0.44035277425515856,Blackgram
701,-0.24341030998797814,-0.003624937247777321,MungBean
702,0.13108046139799073,-3.090419654703688,ChickPea
703,-0.258835828435558,0.9942739802809071,PigeonPeas
704,-0.03812154961304637,1.622146742212733,Rice
705,-1.1800933713532542,-0.05303795601438877,Coffee
706,-1.1251878256768788,0.38926093810705115,Coffee
707,-0.3674055891727607,-1.1613490726821072,Maize
708,-1.3828640107066739,0.21115658018682246,Orange
709,-0.8809158980346435,1.0241824446130774,Muskmelon
710,4.512093631223816,1.0802379509838944,Apple
711,-0.8767216669457354,2.1765349399607437,Papaya
712,0.003625571860775273,-0.6898543464855349,Blackgram
713,-0.9048315806605385,0.6034062435719847,Watermelon
714,0.8736180424768942,-2.8780614241623494,ChickPea
715,-1.3624602299357704,0.44838035487974487,Orange
716,-0.16079241293868468,0.2745768375682108,Pomegranate
717,-0.30548788182430453,1.1389688073861717,Papaya
718,3.6801172878114214,1.2310718511569594,Apple
719,1.2542109265650163,-2.736028699484642,KidneyBeans
720,0.956448928128484,-2.2025730620484247,KidneyBeans
721,-1.440940966824831,0.5857757691123571,Watermelon
722,-0.8460507771189385,0.6042812117478931,Jute
723,-0.32948063179079523,-0.40286263139731143,Mango
724,-0.5935689173497125,0.21868738515801178,Pomegranate
725,-0.764793496747854,-0.1936242553707399,Blackgram
726,-0.9356600618632563,0.4679803571306724,Cotton
727,0.6537965657055024,-2.299954052412663,KidneyBeans
728,-0.7882275359926992,1.1240119305869645,Coconut
729,-0.06269434920072964,2.1195960584535096,Rice
730,-0.1618011514147891,-1.4132155237906083,Lentil
731,-0.41870972850363325,-0.7849829293070966,Maize
732,1.151410246376705,-2.482080591674521,ChickPea
733,-0.9063206722889215,1.0969585603371426,Muskmelon
734,-0.5104319575799183,-0.8329453902486094,Orange
735,-0.09726894930633931,-0.059697183143419985,Pomegranate
736,0.5340912843242785,-2.7235032446412535,ChickPea
737,0.007039511626553483,-0.9822081764583931,Lentil
738,-0.9607425164011199,0.28414884956788267,Maize
739,0.5143924145287078,-1.936720801509659,KidneyBeans
740,-0.4247428544263493,1.1621210030681655,Coconut
741,-1.2652111467897875,0.9314006294196121,Muskmelon
742,-1.385021166852803,0.4769976293777735,Watermelon
743,-0.6246802215815553,-1.513377584546909,MothBeans
744,-0.11292937239968531,-0.17702258298940352,Maize
745,-0.4497038393399444,-1.088776614749041,Maize
746,0.00929425275882021,-1.0117970252602733,MothBeans
747,0.46733606064530137,-2.6580070240806197,ChickPea
748,-0.31764170714516266,-0.37522532501023886,Blackgram
749,-0.3974113158204688,1.0289056233838185,Jute
750,-0.27140010341170606,1.364399588911121,Papaya
751,0.8838877554477309,-1.9750108123555055,KidneyBeans
752,-0.9360945329674351,0.8830769789467007,Muskmelon
753,-1.4114164754061254,0.06617936230677045,Orange
754,-0.4388582425600031,-0.4836747832506726,Blackgram
755,0.43188151365305993,-1.820878172177067,Lentil
756,-0.419945122305349,-0.6930420723254419,Maize
757,-0.5608384940233689,-1.4830313558104775,MothBeans
758,-0.011150462480372025,0.2402616401456222,Pomegranate
759,-0.9978890036917398,-1.690479230863487,MothBeans
760,-0.8920767480726154,0.5063722179204333,Watermelon
761,-1.3490222492101185,0.7474567822501654,Watermelon
762,-0.34917983566568067,-0.3909456407734204,MungBean
763,-1.0337316972120212,1.1322122344468062,Rice
764,-1.399227940073474,1.2528728762147676,Muskmelon
765,0.06431318542146888,0.38804177679817514,PigeonPeas
766,-0.8360353677897453,0.9876048371005257,Rice
767,-1.2592070784892766,-0.10209609116183839,Coffee
768,-0.7252331997560345,-1.8735653982620213,MothBeans
769,0.9570803837232795,-2.701080687213345,ChickPea
770,0.2284334525843347,1.3214865035604948,Banana
771,-0.1822651719515787,-0.5836010603179492,MothBeans
772,0.6492809825581466,-3.2392247015352984,ChickPea
773,0.022074012468113677,-1.560479991252247,Lentil
774,-0.9872661801918403,0.898225345554827,Watermelon
775,-0.06861800298488295,-0.6424632608498567,Mango
776,-0.6476170259111776,0.5078747129378214,Jute
777,-0.31273278253841535,1.2154174406088054,Papaya
778,0.3472429686799614,-0.8610378692787337,Lentil
779,-0.4985551854633139,1.976223704037127,Papaya
780,-0.93493972628711,0.6081623146967701,Watermelon
781,1.3129012463840342,-2.225684567720892,ChickPea
782,-0.5265280519975655,0.006938849196241265,MungBean
783,-1.4300211628432344,1.043298717184529,Muskmelon
784,1.1604940527561298,-2.7784189757202937,KidneyBeans
785,-0.39979288559517523,0.006774685173168799,MungBean
786,-0.057712928683072796,0.9560167704680799,Papaya
787,1.1260292489913033,-1.2855589328307657,PigeonPeas
788,-1.4279817850077892,-1.8514610573829178,MothBeans
789,-1.5980584555352912,0.6211856498409015,Coffee
790,-0.41797614530310484,-0.049015993233099894,MungBean
791,-0.9064744903314226,0.8051444471327688,Watermelon
792,4.472461714822472,-0.2930873773809738,Grapes
793,0.523814122756594,-2.376484663296632,ChickPea
794,-0.9387853992973275,0.5020764792469119,Watermelon
795,-0.8660865009834275,-0.696650163809938,Mango
796,-0.8940081796778089,-0.9617244358225786,Orange
797,-1.1477181127801042,0.10712284517283037,Orange
798,-0.20571360521328816,1.231637724535356,Rice
799,-1.0119080908357723,0.9405777097839488,Rice
800,3.864461763287995,0.22395724874297318,Grapes
801,-0.47346302978294913,-0.2312572937110451,Maize
802,-0.8708067766041664,-2.2004002322675955,MothBeans
803,0.5922995378654861,-1.3641465799249508,Lentil
804,-0.6355537963503426,0.30265455733974395,Cotton
805,-0.1363809719371874,1.0158685434748023,Rice
806,4.018243993531283,0.9264068585720603,Apple
807,-1.3725627436686423,0.08182633349119922,Orange
808,3.2833222598405305,0.9041074073326155,Grapes
809,0.08568609239600575,0.6119898924305262,PigeonPeas
810,-0.6608340350063885,1.305706694339829,Coconut
811,-0.9455768155828488,-0.43044726584349147,Coffee
812,-1.3147137691601365,0.10023734227410737,Orange
813,-1.0725924585440312,0.7788710395328082,Orange
814,0.8822282752430702,-1.877853628748345,KidneyBeans
815,-1.038913888889869,0.6391735554181813,Cotton
816,-1.1041323519542918,0.5049573926126548,Watermelon
817,-0.03360224957069475,1.2083646350420025,Banana
818,0.34463048919851474,1.1502389114813636,Banana
819,-1.1986885692151652,0.5695917214500889,Muskmelon
820,-1.6157514167666303,-0.0004123682691080273,Orange
821,3.808510493212896,1.2975449901825544,Grapes
822,-0.3471750083667334,-0.03663715842423584,MungBean
823,1.1180922824674393,-2.081814135976047,KidneyBeans
824,4.063526569951842,-0.28619854283906543,Grapes
825,-0.30799339036858703,1.423119035289091,Rice
826,-0.8895274888410832,1.3056370638565458,Rice
827,-0.26182852642313337,1.9686052796741924,Papaya
828,-0.3237382736358119,-1.7449320324233695,MothBeans
829,-0.3329321866045818,-0.43638471785971844,Blackgram
830,-0.6980167868477842,1.5817309742266987,Rice
831,-0.44667699765120294,0.1678841981279065,MungBean
832,0.27527183228703106,-1.9076433207556225,KidneyBeans
833,-0.5135084493476231,-0.6507447063439732,Blackgram
834,-0.24770405770231047,-0.049616506733110285,MungBean
835,-0.21086430682012644,1.4286492786221037,Rice
836,0.5382783594426299,-1.231801427728586,Lentil
837,0.13525282779905423,1.3750359977617943,Banana
838,0.3916490126973447,-1.820147294737608,KidneyBeans
839,-1.0931963209282425,0.7214696840151488,Rice
840,-0.2623345069984472,1.477020810425244,Papaya
841,-0.8257053875475583,0.2290967972113961,Maize
842,0.9098677039908031,-2.2216919457512914,KidneyBeans
843,0.39516116551186525,1.1613980370645511,Banana
844,1.1199999094340798,-2.3623493129928237,ChickPea
845,0.6390583050195878,-3.036363527247776,ChickPea
846,-0.17948690576803134,-0.4543293981520277,Mango
847,-0.9183610314304924,0.635185206880017,Muskmelon
848,-1.1491824762310534,0.40436058974865374,Watermelon
849,-0.44290894686708654,-0.2677404864176445,Blackgram
850,0.31165843197993043,0.9466834035510655,Banana
851,-0.7196476957638218,0.8897200989799452,Jute
852,-0.9704385744674476,0.0882426892491981,Coffee
853,-0.4768005055389337,1.0631511373682687,Coconut
854,-1.0465730160274191,0.2707195864501755,Cotton
855,-1.048650945078506,-2.2539736384992133,MothBeans
856,0.3551114775645514,-2.972045100458542,ChickPea
857,-0.5109593027907375,0.03357931541416968,MungBean
858,-0.5312808107546938,1.677495369680681,Papaya
859,0.48724572420899787,-1.4731410413659267,MothBeans
860,-1.049643314011583,0.5061694654329361,Cotton
861,-0.16482522964329469,-0.5556959660826903,MungBean
862,-1.2379644204268614,1.1217303075863836,Muskmelon
863,0.16257073600283448,1.0447278179992363,Banana
864,3.70092220720506,1.2798309629257634,Apple
865,-0.8931933840520775,0.5694632226010335,Rice
866,-1.3122071521239027,0.8846995070739219,Muskmelon
867,-0.6764925352913016,1.3232404914389004,Rice
868,-0.470528573597154,0.06337338076209431,MungBean
869,-0.6236910568550629,0.5493342338203816,Watermelon
870,-1.2728280273364552,0.6390513166865657,Cotton
871,0.7039099071512336,-2.6380413158576212,ChickPea
872,-1.0255231983133162,0.532798826820428,Watermelon
873,0.573965363354332,-2.1929877484081266,KidneyBeans
874,-1.2517705155570165,0.5970906692180638,Watermelon
875,-0.45474609886513473,0.5872459244089538,Coconut
876,-0.2302246733802757,-0.7834299677928266,Lentil
877,4.110925223390674,0.35768557391434946,Grapes
878,-1.013479276794969,-1.052037220986401,Orange
879,-0.4037833825599079,0.10490860480378215,Maize
880,-0.5600978756539244,0.9318644471452754,Rice
881,-0.678648664821167,-0.09292039634423857,Maize
882,0.971005388271409,-2.542363811937469,ChickPea
883,-0.7195561095029505,0.8108401134003081,Rice
884,-1.084978610875902,-1.4539213863919254,MothBeans
885,-0.07055462457507142,1.6987064042102962,Rice
886,-1.2941163193610212,0.8303944180241228,Watermelon
887,-0.862972976810472,0.6812334120827925,Coconut
888,-0.26290795672803347,-0.414882773636261,Maize
889,-0.5052599970172309,-0.5453219686241638,Maize
890,-0.055459345462765125,-1.4202776462397106,Lentil
891,-0.4669735640319138,-0.6355070004391828,Blackgram
892,-0.3074542553292193,-0.3488617214870841,Maize
893,-0.039373364017600346,1.1778653458189,Rice
894,-0.8140158167631488,0.7773253112985812,Jute
895,-0.8840875772718181,1.4438983687125801,Coconut
896,0.35720580216525705,-0.6664394731012355,MothBeans
897,-0.6190158885799941,1.5749423783242007,Coconut
898,-0.2231919970131604,0.11712660202303382,Pomegranate
899,-0.4667489388850155,-0.7831140479724082,Maize
900,0.9050898550300343,-2.1656372274903677,ChickPea
901,-0.9072332008337611,0.5008135269023395,Watermelon
902,0.3449175736050466,-0.8461650211930978,PigeonPeas
903,-1.1267348834453634,0.5261942835172613,Watermelon
904,-0.1307388125245537,-1.1567876244488942,Lentil
905,-1.1194011168596358,0.6753131770024446,Muskmelon
906,-0.006062166862453336,1.410147301054196,Rice
907,-1.1700807186437026,-0.04916847050531341,Coffee
908,0.39132732886616056,-1.1464769888525737,Lentil
909,-0.6034766640936331,-0.6954700983183996,Blackgram
910,-1.0613183228326835,0.9600912145187261,Muskmelon
911,-0.760396117101122,-0.29512279063286945,Maize
912,-0.1741438695028002,-0.08249449671712848,PigeonPeas
913,-0.7579079595780257,1.326241273932053,Rice
914,-1.015508117877176,-2.1898347390907413,MothBeans
915,-1.3584895752295791,0.6227596745240016,Muskmelon
916,-0.9430762980073313,0.6912607552372165,Muskmelon
917,3.5889599586562757,1.5738377173857865,Grapes
918,-0.0033140283542681444,-0.13743566396834073,Pomegranate
919,-0.9230945340690787,0.21426908717391652,Watermelon
920,-0.7581025555961698,1.0201492137159467,Jute
921,-1.3816838340391828,0.009023643249648395,Cotton
922,-1.4883070278076092,0.44988701600547953,Cotton
923,-0.24177026978935542,-0.9501255672196897,Blackgram
924,-0.4369522972945212,-0.13595631026029575,Pomegranate
925,0.7076099233320281,-1.9428763915614264,KidneyBeans
926,1.2369994905377217,-2.3445334050006683,ChickPea
927,-0.09552825096128037,0.9380210728734814,Papaya
928,1.11692661488918,-2.363178509174151,ChickPea
929,-0.5598106656723694,0.6964648324516682,Watermelon
930,-1.097737033078015,1.1751814271221392,Muskmelon
931,-0.49856027151241594,-0.296239747006183,Maize
932,-1.5800146333671186,0.41864752881798856,Coffee
933,-0.5142851321446777,-0.29087488651644783,MungBean
934,0.9850540086637654,-2.405833480062756,ChickPea
935,-0.5044656761117193,2.282108033658427,Papaya
936,-1.3451839786978217,0.2372967930672451,Coffee
937,-0.2347908982051652,1.2266634054530832,Rice
938,-1.0310022704898814,0.8326328273556699,Muskmelon
939,-0.08311503663011119,1.8161907093742375,Rice
940,-0.28473317312752716,0.8651450167319373,Jute
941,-0.7634149754987726,0.6392103624766663,Cotton
942,0.6334013648503155,0.27787025154509326,PigeonPeas
943,-0.8456727304249904,-0.44465253528987075,Blackgram
944,-1.0036272624238634,0.5695135975652948,Muskmelon
945,-0.9872765998580794,1.375932242236889,Coconut
946,-0.569443809735197,0.9245243414414352,Rice
947,-1.7503216419599428,0.6802567824747396,Orange
948,-0.43173571368845337,0.30586119165433584,Mango
949,-0.416365464491534,-0.2673822095735531,Mango
950,-1.1899291069070606,0.9678027925360074,Muskmelon
951,-0.32317157460961304,1.162110044290529,Rice
952,3.667108697802871,1.5825097394682939,Apple
953,-0.5058401462234238,-0.19254881783977135,MungBean
954,-0.09487637094666591,1.026188813983936,Papaya
955,0.13565236671051872,1.1356081383232028,Banana
956,-0.26713700242362043,-0.7164050191240721,Blackgram
957,-1.0452459984114957,1.2765055658361375,Muskmelon
958,3.8753169982667184,1.2679564476817122,Apple
959,-0.7197790234230886,0.9208156298167297,Coconut
960,-0.14642845209967545,0.7632619218839786,Papaya
961,0.8387819690774508,-0.6051789445308855,PigeonPeas
962,-0.4993047815739731,0.4005562482198912,Jute
963,3.791945657556012,1.2017161257455904,Apple
964,4.172935450460389,1.3861976162642589,Apple
965,-0.21130202479530497,-0.8563331952744387,Maize
966,-0.8475032270814725,-0.01552596641176107,MungBean
967,4.247375942564478,0.9317980137041795,Apple
968,-0.058503157981229396,-1.4336244808286456,Lentil
969,4.06762126357282,-0.008408645459530274,Grapes
970,-0.5680589211135083,1.2568484254573025,Rice
971,-0.5108575206585663,0.619195215597892,Watermelon
972,0.24879033815158713,-1.4093516029025046,Lentil
973,3.965654800756892,1.0150200475953086,Apple
974,2.8650914886849925,1.8143370700372832,Grapes
975,0.9963490754875228,-2.0557152773492757,ChickPea
976,-0.5823746998438054,-0.34563396103011834,Maize
977,0.06642874097140522,1.1347710179651547,Banana
978,0.8828982836933241,-2.05121475755472,KidneyBeans
979,-0.2299618565683844,-0.9725313580934205,Orange
980,-0.6980407768141556,-0.47403656832382707,Mango
981,-1.4527829182510963,0.15528110622937413,Coffee
982,-0.4512688646208915,1.6410180695977477,Papaya
983,4.020064934549785,0.8696962313268983,Grapes
984,3.223214948796332,1.8288920745105592,Grapes
985,-0.9015756715811466,1.116166055687789,Coconut
986,-0.9456594972534852,0.39770532602627906,Cotton
987,-0.2123772649671964,1.048532257899336,Rice
988,-0.26754471207712016,-0.5076096714416797,PigeonPeas
989,-0.5174601674224989,-0.4999394163882341,Blackgram
990,0.5213334116995489,-2.8842145384918005,ChickPea
991,0.26737270549555525,-0.847777425390734,Lentil
992,0.9032243252429726,-2.06319065102184,KidneyBeans
993,4.060294198346737,1.3861006679650691,Apple
994,-0.32476902827681775,-0.0850132192876729,Pomegranate
995,-0.1042166872905589,-0.19647161018922388,Pomegranate
996,-0.5915661196466199,0.4765680576459374,Jute
997,-1.0364711966936007,0.934358577145678,Muskmelon
998,0.8065430314858233,0.01429862122721049,PigeonPeas
999,-0.7995591803572455,0.733049948870376,Jute
1000,-0.6956426429717795,0.010387051771584594,Jute
1001,-0.3055084222147132,-0.2750621786937014,Mango
1002,0.11990793793679129,-0.002104373127534779,Pomegranate
1003,0.7424816896373284,-0.5992079712490146,MothBeans
1004,-0.43686772891693265,-0.2902461087179571,Blackgram
1005,-0.5400613626644519,1.0390822817354508,Rice
1006,0.22164555732948255,-1.4797760171294705,Lentil
1007,-0.3132192970144399,-0.2501927418733579,Blackgram
1008,-0.5909413747590264,-1.874760029387795,MothBeans
1009,3.884971912199492,1.1234315632735736,Grapes
1010,-1.0818516566885719,0.10565865205294275,Watermelon
1011,-0.43603210497088346,-0.3482760607871703,MungBean
1012,-1.305416662228152,0.5232767298745384,Cotton
1013,-0.08585655424646974,0.5806742065673738,Papaya
1014,-0.9900454102897784,0.6836881224027195,Watermelon
1015,-0.3862552534657253,-0.9440263595831624,Mango
1016,0.16861021811379687,0.8273329542209723,Banana
1017,0.7856129699799377,-2.0639190745338194,KidneyBeans
1018,-0.3078564601323061,-0.43834872719442936,MungBean
1019,-1.0256109339737454,1.0018607484914854,Muskmelon
1020,-0.9608767607471489,0.8431895488952357,Coconut
1021,0.32555365865912234,-1.9240113564033026,KidneyBeans
1022,-0.6649850231340055,0.2026778742613585,Pomegranate
1023,-0.12498930179729845,-0.5765034724650935,Blackgram
1024,-0.16554258544331837,-0.5710321865751533,Blackgram
1025,-0.9768494447643072,0.4622341796599361,Watermelon
1026,-0.2851283913787015,1.038350293720812,Banana
1027,-0.739221875626873,0.18323826577659347,Pomegranate
1028,-1.1160011965492471,-0.13326102605733772,Coffee
1029,-0.13398259542558988,1.0496876940017799,Papaya
1030,-0.4711498870655179,1.0394484947881113,Jute
1031,-0.7673388041795619,0.6812677594353123,Coconut
1032,-1.0250552701833135,0.034680051840006186,Orange
1033,-0.6809500930712469,1.3015008372838974,Coconut
1034,-0.9412633255940595,0.6349746621592266,Watermelon
1035,3.8776656902225075,1.2203380434101496,Apple
1036,-0.15752815071126483,0.5981158408613917,Papaya
1037,-1.1040524387092776,1.1302962053256442,Muskmelon
1038,-1.4215293739742834,0.9724095126904778,Muskmelon
1039,-0.9928733639807582,0.5285497687884048,Cotton
1040,3.910603613121344,0.18603845633248964,Grapes
1041,-0.529139456746595,0.47922580965277967,Jute
1042,-0.6418193221113255,0.3028059983787923,Jute
1043,4.223474167635421,0.37784520807261646,Grapes
1044,0.4283725048804394,-1.0979375554403767,Lentil
1045,-0.9665541583380721,0.6287610117224888,Rice
1046,0.03590435280411714,-0.35717595313672834,Mango
1047,0.6052245516392022,-1.0052881742974153,Lentil
1048,4.0726609074111915,1.1075332723024458,Apple
1049,-0.4256141426633066,0.28814595151939915,MungBean
1050,-0.6498393391298165,1.503803468186013,Coconut
1051,-0.7272649984376354,1.7519335813178454,Rice
1052,-0.348425913201011,-0.4509645126429789,Maize
1053,0.2440447188326188,-0.1448074170741096,Mango
1054,-0.4098514776460298,-0.20079428880911537,Pomegranate
1055,-0.9534264486964844,0.3130930000502815,Cotton
1056,0.23516411714571,-1.4002773835657008,Lentil
1057,-1.036518222301121,1.0214547806895355,Muskmelon
1058,-0.5945857273513169,-0.47102778557181846,Orange
1059,4.74006940942617,0.039236990021544405,Grapes
1060,-0.6837374545671498,-1.7544735903564146,MothBeans
1061,-1.3551449540419893,0.6824676450012274,Coffee
1062,0.7585146865198306,-2.2507583267554,KidneyBeans
1063,0.6164813142082726,-1.9100747124379853,KidneyBeans
1064,0.0013039416025209891,1.120253825888427,Banana
1065,-1.1797334112567635,0.7650348841470335,Watermelon
1066,0.3280238003267302,-1.1208105137074753,Lentil
1067,0.21389483703452608,-1.2750749218559623,Lentil
1068,-1.1590590118587125,0.4786709533433968,Coffee
1069,-0.4850842473416329,-0.37627684822401647,PigeonPeas
1070,-0.5880322243655685,1.9237370824994884,Papaya
1071,-0.6466136429349792,1.6692306559277235,Papaya
1072,-0.9056080895047331,-0.11130231568701435,Orange
1073,-0.4134345465191558,-0.04698964398451515,MungBean
1074,-0.4347953166468887,-0.4699104808405194,Maize
1075,-1.090337265648016,0.5693968604100159,Muskmelon
1076,-0.5890835486344668,-1.0271301434646976,Mango
1077,-0.7034103025468322,0.9153851348842893,Rice
1078,-0.6698768356233277,-0.46749131457423865,Blackgram
1079,-0.974772371542136,1.6311055980452949,Rice
1080,-0.34143806170622615,-0.3895851324437645,Maize
1081,3.079205264910361,1.527342589357208,Grapes
1082,0.29161189796298376,-1.4867850720438718,Lentil
1083,-0.7354414605651655,0.431214914587435,Jute
1084,-1.2823853592800873,-0.020093526324786695,Cotton
1085,-1.459916659350252,0.156415088839001,Coffee
1086,0.5163496691516575,0.9853576908658634,Banana
1087,-0.09723964763356559,-0.250680115611875,Mango
1088,-0.731315026638386,0.45722068137788763,Watermelon
1089,-1.1694679349402648,-0.15527821556658603,Orange
1090,-0.7654035059926091,0.6133690773066953,Watermelon
1091,-0.5448095804933416,-1.0952739108995577,MothBeans
1092,0.8384355119320379,-0.6351847570370701,PigeonPeas
1093,-1.6632396332208106,0.3122874715815785,Cotton
1094,-1.4026230086130216,0.5869744307722896,Cotton
1095,4.142650414825465,1.15613222943563,Apple
1096,0.8779975467383406,-2.4055973496460887,KidneyBeans
1097,-1.3355932589073034,0.4309798152048163,Cotton
1098,-0.6408824739097373,-0.6905772086222228,Mango
1099,-0.1465652554020548,1.0251983443292676,Rice
1100,3.5532118274937607,1.127544944611158,Apple
1101,4.286746989510918,0.038101018787935814,Grapes
1102,3.853844478624949,1.3226610453750967,Apple
1103,-0.17026102850533933,-0.6136736429155812,Blackgram
1104,-0.16564459196768433,0.39509734970008525,Pomegranate
1105,-0.34014718035931546,1.1883588651583665,Papaya
1106,-0.7827351839525992,-0.3172820553646587,Maize
1107,-0.4780884125943491,1.2164084254094114,Coconut
1108,-0.822354454355854,-0.7627237799802681,Mango
1109,3.8795048076466974,1.4373534342800742,Apple
1110,3.7532049450339358,0.8329010748350366,Grapes
1111,-1.1196499467319805,-0.7407046459955394,Orange
1112,-0.5065459097601853,0.16815854642000594,Pomegranate
1113,0.9209207544134659,-1.1505144971055614,PigeonPeas
1114,-0.5704527595681561,-0.3849189940174091,Pomegranate
1115,0.019162716397534103,1.357947977451548,Banana
1116,0.007798935321898199,1.0150066700250404,Banana
1117,-0.9405736199203093,-1.5594872952101015,MothBeans
1118,-0.23714906947470385,-0.7157297255121701,Blackgram
1119,-0.21663190133705051,-0.07434024014314328,MungBean
1120,0.8709370252137233,-2.9821894541588265,ChickPea
1121,0.2712825416625969,-0.8336637937774739,Blackgram
1122,-1.6063413917752274,0.12111193985986123,Coffee
1123,-1.2452246703121812,-0.08820373890870369,Cotton
1124,-0.8710793165140704,-0.5638187057117505,Mango
1125,-0.3544272073732024,1.1010013214129508,Papaya
1126,-1.1528005563340589,0.1405529230880782,Orange
1127,-0.7361125319327608,0.612262772759968,Cotton
1128,-0.2824651436839809,-0.1906478937895062,Pomegranate
1129,3.1919490920355513,1.5294485371023145,Grapes
1130,0.24127761901404055,1.2064120321228207,Banana
1131,-0.29743446479661434,-0.5667966691699424,Maize
1132,-0.7152883907452522,1.213319767180407,Coconut
1133,-1.276430176166815,-2.113806647903729,MothBeans
1134,0.2148534151856555,-0.5768614566591659,Mango
1135,-0.8146783457351692,-0.7578526900195414,Mango
1136,3.95547163436867,1.1691739195227424,Apple
1137,-1.441081865537749,1.20599975301948,Muskmelon
1138,0.0938682690587925,-0.8365587692037376,Lentil
1139,-0.1913199306984905,0.10220667247716228,Pomegranate
1140,0.8002696340441461,0.9589352142523662,Banana
1141,3.6775652496853257,1.348933064661306,Apple
1142,-0.32711585118153513,-0.2854612338933377,Orange
1143,-0.23052134233506844,0.9263988880224509,Papaya
1144,-0.34634607130780903,-1.25124783284777,Lentil
1145,-1.099414369641158,1.1496896532038445,Cotton
1146,-0.9829588277550827,0.08591122253601749,Coffee
1147,-0.518616704354369,0.8700884147759013,Coconut
1148,0.5835624552373166,-1.2329287569338365,Lentil
1149,4.18519579319292,1.2289564012120984,Apple
1150,-0.9035259707300601,1.1607912957512077,Muskmelon
1151,-0.5773253604219075,-0.2737808964576031,Blackgram
1152,-0.5873971487028393,-0.8558383349253945,Blackgram
1153,0.5605739985497542,-0.49397459017148315,PigeonPeas
1154,0.7978620610434752,-2.6348219646036855,ChickPea
1155,-1.0016717243817874,1.358000822315992,Rice
1156,-1.4632436441285417,0.19513839244387055,Cotton
1157,1.1596698054031214,-1.2005319132348304,PigeonPeas
1158,0.6932366114115875,-2.1945546446126953,KidneyBeans
1159,-0.716475370525928,-0.4910547326314826,Maize
1160,0.2779501064776289,1.3411690496573914,Banana
1161,-0.46868964881030406,1.0666901269727986,Jute
1162,-1.1245161795281675,0.7182206423031666,Orange
1163,0.07406189766000947,0.5573740879771778,Papaya
1164,-0.7917939476950075,1.5402400833134804,Coconut
1165,-0.6088110282742512,-2.2404962883808297,MothBeans
1166,-0.24222916042265025,1.7061818635164074,Rice
1167,3.727545042756711,0.8442412445215958,Grapes
1168,0.14796308446752293,-1.1287846989945722,Lentil
1169,-0.7553508281419054,1.6221936371790382,Papaya
1170,0.2806201709862758,-2.54728884898318,ChickPea
1171,1.1859646698805695,-2.567403062928411,ChickPea
1172,4.181813844595753,1.4439469774512286,Apple
1173,-0.7132124701990731,0.4836026587224645,Watermelon
1174,-0.6091488967823169,1.9142667705386627,Rice
1175,-0.5982316409282895,1.7650642438833748,Papaya
1176,-0.05276006946447611,-0.5280724743831233,MungBean
1177,-0.6034241349911451,0.8892761433270137,Jute
1178,-0.5221898677703447,0.8012297108123642,Papaya
1179,-0.7337016656751466,-0.018383941792923814,Pomegranate
1180,3.903492147890986,0.9174803681278331,Apple
1181,-0.64830110667277,1.0004681832221167,Jute
1182,-0.35635058564045347,-0.6237423281186143,Blackgram
1183,-0.3378363165270532,-0.3593041794117202,Maize
1184,-0.25105323840379057,0.2517052677528223,Pomegranate
1185,0.48289472189853233,-0.6416149407600805,PigeonPeas
1186,-1.091750979441222,0.9909859524846906,Muskmelon
1187,-0.2026042142583206,-0.18263118597744687,MungBean
1188,-0.15519677931190418,-0.7887161807582181,Blackgram
1189,-0.9560327198592344,0.9529064926763067,Jute
1190,-1.0080505292702604,1.4400346292962443,Coconut
1191,-0.5244392540215516,-0.3344733952980362,Blackgram
1192,-1.2493979905084527,-0.044982345094422706,Cotton
1193,-1.1230817876331685,1.1399630615237857,Watermelon
1194,0.2691846455059529,-0.6749352401692934,PigeonPeas
1195,0.2308093379004791,0.6882226849917624,Banana
1196,3.7244702489362216,1.24999139924838,Apple
1197,4.096882412520507,1.437736587865218,Apple
1198,0.29546503378843125,-0.8142502382803297,Lentil
1199,-0.4896760124711721,1.068064732542012,Papaya
1200,-0.22439770434749687,-0.4536031704965473,MungBean
1201,-0.19212064008407098,-0.3789391063895217,Maize
1202,1.120077919986297,-1.7604927322168809,PigeonPeas
1203,-1.4182865649301732,-0.2531276154017876,Coffee
1204,-1.9236646586833743,0.3844741481670643,Orange
1205,-0.749250485892974,0.2580261385606479,Pomegranate
1206,-0.36447461484276616,-0.09184354289601235,MungBean
1207,-1.2500482662117474,0.258183094258013,Coffee
1208,-0.4842567315654031,1.1551932472009179,Rice
1209,-0.12252621564473481,-1.0311877693195375,Lentil
1210,-0.702014686980614,1.4502606487341465,Coconut
1211,-1.2417716450383023,0.12066608861982082,Coffee
1212,-0.08543856638359518,-0.18959959942094545,Blackgram
1213,0.5733996318299552,-0.5963755264450485,PigeonPeas
1214,4.004006542943423,0.42420122389024423,Grapes
1215,-1.009232768251707,0.701378240629599,Watermelon
1216,-1.4501003460899458,0.1736935531681049,Orange
1217,-0.9975783301929031,1.0315450306475833,Rice
1218,0.4529480236765471,-1.8103580155851198,KidneyBeans
1219,0.9583455924909432,-2.255007188321108,ChickPea
1220,-0.8830110734525296,0.03413868335089043,Coffee
1221,0.035780460410290926,1.0229864700408449,Banana
1222,-0.6891253814323023,-0.34130548278541284,Mango
1223,-0.9989873925821736,0.7528105093875148,Muskmelon
1224,-0.2907922302829116,-0.2911678320552153,Orange
1225,-0.8477753073419455,0.6475645222252483,Jute
1226,-0.7682447447461755,0.8366933717627436,Jute
1227,-1.179589946800881,1.0523578646140992,Muskmelon
1228,-0.20026198964659975,0.14899370358308858,MungBean
1229,-1.2857430621476236,0.3986466459348904,Cotton
1230,3.9989812046998194,1.260108267181673,Apple
1231,-1.3181557853925816,0.5075523553505792,Coffee
1232,-0.8033670092277274,-0.24763947357898144,MungBean
1233,0.2644483153535946,-1.4090323858965423,Lentil
1234,-1.0126825867829348,0.6908560644258996,Muskmelon
1235,-0.6018281266285022,-0.5354794334984467,Maize
1236,-0.041129331048398346,-1.367384465470181,Lentil
1237,-0.7135014928099258,1.3038221497092612,Coconut
1238,1.0383600627756164,-2.177795601906698,ChickPea
1239,0.30740658257273146,-1.8485585422258335,KidneyBeans
1240,-1.0081975506699878,-0.1113781733577951,Coffee
1241,0.1547123849387626,0.9924954896703916,Banana
1242,0.19606363131246674,-1.1041373689715641,MothBeans
1243,-0.8993787218589613,0.362285218256418,Watermelon
1244,0.5911827400069338,0.9950668489227468,Banana
1245,-0.5521506802517053,-0.47340762424332133,Blackgram
1246,-0.635761813858782,0.14423920716796332,Coffee
1247,-0.017176336310789235,-0.9025937776958026,PigeonPeas
1248,-0.840244715241438,0.7818553824400397,Jute
1249,-0.5236750034221104,-0.7650376018736993,Blackgram
1250,3.8791187188577103,0.9384346677094556,Grapes
1251,2.944229444940174,1.6519400387581893,Grapes
1252,-0.34397533550109666,1.1270836385333725,Papaya
1253,-0.4756533845886714,-0.4700768352324689,Mango
1254,0.6342228934310099,0.22354246071052827,MothBeans
1255,0.01839539076155451,0.9689525695969168,Rice
1256,0.8105414451707158,-2.1033156225107357,KidneyBeans
1257,3.7443337247219346,1.1800370705041008,Grapes
1258,-1.3728463132531814,0.42335776780827067,Watermelon
1259,-0.8831160322448474,-0.5193951230164718,Orange
1260,-1.0466595637135387,0.47604485869689217,Cotton
1261,0.9057720429504804,-2.4167116429171114,KidneyBeans
1262,0.44150736786232725,0.4296117384853984,PigeonPeas
1263,0.1897768374760036,0.536922904131014,PigeonPeas
1264,0.7296460180201243,-2.7748379969675723,ChickPea
1265,-0.7278880615461317,-0.036564167964346174,Pomegranate
1266,4.154527491352648,-0.34772880450010163,Grapes
1267,-0.7683793520060239,0.6787602657639303,Coconut
1268,0.19004819788610622,0.9261156178225339,Banana
1269,-0.11403413060435111,-0.11616269862393687,Pomegranate
1270,-1.1840557942823844,1.11531636595642,Rice
1271,0.39492945816116337,1.2824090446403258,Banana
1272,-0.02040444364766867,1.0034602001658603,Banana
1273,0.0829279970356852,1.0874498684065823,Banana
1274,-1.4490236004256185,0.40610330092163743,Cotton
1275,-0.9087770574794892,0.4805665663365281,Watermelon
1276,-0.34552481156905157,-0.5257574343109624,MungBean
1277,-0.31532086162613615,-0.052437411575485295,Mango
1278,-0.2623587398559665,-0.24884642934999301,Pomegranate
1279,-1.3534824732621948,0.7482465472677613,Muskmelon
1280,-1.0229476571619693,-0.8119894594096998,Orange
1281,-0.41020073959332365,-0.9456989933585783,Maize
1282,0.18067961240281932,1.4408712469567229,Banana
1283,-0.2521536141680476,0.9853008344999844,Jute
1284,-1.374110036894518,0.0053192726381642306,Coffee
1285,-0.7180455886897885,-0.19274420955094546,Blackgram
1286,0.19839448793007042,-0.41075394519375996,MothBeans
1287,-1.3713700029558016,0.9760126018589611,Muskmelon
1288,-0.14044364482863841,0.05030726902776362,Blackgram
1289,3.6676434065163006,1.1158612682312434,Grapes
1290,4.537068455804415,-0.22669714057902304,Grapes
1291,-0.8082642388782413,0.5730376725391164,Cotton
1292,3.6264777054826496,1.630777213428541,Grapes
1293,0.009419805387945587,-1.0975045181186147,PigeonPeas
1294,-1.3537639691282168,-0.3530850783043903,Orange
1295,-0.6148227371654237,-1.9485732872215737,MothBeans
1296,-0.6648163409943131,-0.8631465461199398,Mango
1297,-0.8515425372114782,1.2551168163410007,Jute
1298,-0.6318719532400425,0.31861315280708424,Mango
1299,0.08822150336851446,-1.91342639637964,Lentil
1300,-0.27373236426537456,-0.5502622438208029,MothBeans
1301,-0.483871896325033,-0.47796062524747013,MungBean
1302,-0.8496760320545734,1.8579607782082408,Papaya
1303,-0.7734929963234841,-0.2610971452772706,Orange
1304,0.21127604281807988,1.099915375766754,Banana
1305,-0.820349276941181,1.1038413929900115,Coconut
1306,-0.17693322400362382,0.19670058977620739,Mango
1307,-0.039105161217775276,-0.5372448120703495,Blackgram
1308,-0.6594054870728892,-0.11969097130009783,Maize
1309,-1.0599005484012118,1.1295323136354258,Muskmelon
1310,0.15691979158567046,-0.5237281014025648,Blackgram
1311,-0.6185014153716916,0.8868823342915398,Jute
1312,0.1979694886965232,1.0221829952787305,Banana
1313,-0.6045685329259731,-0.8648979288896971,Orange
1314,0.7827303387313647,-1.1049493846096927,Lentil
1315,-0.10584138767449801,-0.7604424723089886,Maize
1316,-0.3646494741302313,-0.25205297541359295,MungBean
1317,-1.1884175942792392,0.47601677127668524,Cotton
1318,-1.1264739619858952,0.9743742776662201,Cotton
1319,-1.2579808404468673,0.19179468831700805,Coffee
1320,-0.41511592202173103,-0.25917454135068213,MungBean
1321,0.6843638546566158,-1.950030068504848,KidneyBeans
1322,0.7581565443607547,-2.2382337904407255,ChickPea
1323,-0.3481108984354765,-0.17749437869352422,MungBean
1324,-0.5013763531607283,-0.18501916044856836,Pomegranate
1325,-0.03387763993349906,-1.2738572318524732,Lentil
1326,0.20019107021782492,-1.423048596998375,Lentil
1327,-0.09775891935801002,1.556109814232657,Rice
1328,-1.1432165714516092,0.6371846531537964,Watermelon
1329,-0.4037133521454333,1.222134682593194,Jute
1330,-0.7177956857230643,0.09928740506358867,Pomegranate
1331,0.360530001515994,-1.9179520405535737,Lentil
1332,-0.35597968514877487,-0.8512116610049193,Blackgram
1333,3.900826086698421,1.0131568002032487,Grapes
1334,-0.8862235497280219,-0.20171446557713402,Mango
1335,-0.8747073797948928,0.6947997002393577,Rice
1336,-1.1451497889388154,0.5896444093526363,Jute
1337,0.23280472021330406,1.0159321184901147,Banana
1338,-1.560035795866676,0.3125430347174385,Cotton
1339,-0.7055095425449515,0.7531643577398269,Jute
1340,1.2468000679130327,-2.3723396480876153,ChickPea
1341,-1.1173309139000376,0.8449464223053018,Coconut
1342,-0.3549201617959368,-0.16536996804387707,MungBean
1343,0.47584070678013085,-0.6602640177882063,PigeonPeas
1344,0.2956281877498553,1.1504322394723592,Banana
1345,0.4014324178675463,0.6452128795130669,Banana
1346,0.11372338514594688,-0.7665977051845048,Lentil
1347,-0.463142643698796,-0.5889577565661782,MungBean
1348,-0.6247110713227892,1.9051834583810376,Papaya
1349,0.6459858587863176,-2.395519073745198,KidneyBeans
1350,-0.563979961767711,0.35224715121847033,Watermelon
1351,-1.1568860323795405,1.1797788124196817,Coconut
1352,0.4375021424445757,-1.9159547864573858,KidneyBeans
1353,-0.47282066675656753,-0.96070185569311,Maize
1354,-1.2569730687051137,-0.6170314801768411,Mango
1355,4.2295250466325385,0.15882028915448107,Grapes
1356,-1.008626162856224,-1.2386390349619039,MothBeans
1357,-0.4395215228422431,1.2934026598340946,Papaya
1358,-1.1336465536716311,0.31877004629966516,Orange
1359,-0.1940387109313032,1.3615494589671662,Rice
1360,-0.6080820069120708,1.4758698008975089,Coconut
1361,-0.2742691824808063,-0.7229879341710658,Blackgram
1362,0.8752288885174352,-1.5595191057134252,Lentil
1363,-0.9052745201202863,0.32795871997325526,Watermelon
1364,-0.19657229519981897,-0.7600618774109098,Mango
1365,-0.6586947729449121,-0.9458200048974477,Mango
1366,0.7372599438677352,-1.0417209478523486,PigeonPeas
1367,-0.7779747098563456,0.015152563877864041,Pomegranate
1368,-0.5403984022980877,-0.35047613832831154,MungBean
1369,0.7220607070970793,-2.2360775762042024,KidneyBeans
1370,-0.46412212348295895,-1.7713235891339647,MothBeans
1371,-0.9042506947465663,1.0534813672729137,Coconut
1372,0.855165926219651,-2.4033138879906923,KidneyBeans
1373,-0.7500126855807278,1.8422548625880046,Rice
1374,-0.18235256544164155,-0.14047139942453923,MungBean
1375,-0.431256136295326,1.504878839174282,Rice
1376,-0.19016423958819592,-0.5147868877665791,Pomegranate
1377,-0.501933357554019,0.6703019308038418,Jute
1378,0.12720006260901814,-1.5984314442832617,Lentil
1379,-0.012280819343487284,-1.1562615712600237,MothBeans
1380,-0.38770871475608537,-0.10765218815557867,PigeonPeas
1381,-0.5883668742720396,-0.02197817100352799,Pomegranate
1382,0.814611504614307,-0.4171984053330022,MothBeans
1383,-0.5610916827545301,-0.6862000652691891,Blackgram
1384,-0.5867354434855049,1.812149901435521,Papaya
1385,-1.7189873859720937,0.681662558966046,Coffee
1386,0.15701195588373007,0.8236238207752016,Banana
1387,-0.3640730022460687,-0.4198699338770525,Mango
1388,0.8500525719071087,-2.8348235996533706,ChickPea
1389,-1.4377449930347066,1.36050536535706,Muskmelon
1390,-0.3851028863824209,-0.9875761534009281,Mango
1391,-0.2697765994900949,-0.8279900736746503,Blackgram
1392,-0.9534745368523538,1.1750261895166647,Muskmelon
1393,0.539155186898873,-0.8719706689165616,PigeonPeas
1394,-0.4284905523246864,0.007689531128658079,Maize
1395,-0.8613925905691813,-0.3909910178825563,Orange
1396,-0.011785251308768362,-0.01669505126636607,Pomegranate
1397,-0.4239599899210345,-0.4020362619532809,Orange
1398,0.4963673937991745,-0.5148939723982351,Lentil
1399,-0.9319306264514408,0.36824348386534256,Watermelon
1400,-0.34970124351920534,-0.06691211535057871,MungBean
1401,-0.6092225358929223,0.9807140255365469,Coconut
1402,-0.2571694028107442,0.04121290498815784,MungBean
1403,-0.4298230291873886,0.8876450038795562,Coconut
1404,-0.5853972555665062,-0.9532764105829172,MothBeans
1405,0.23254977062571103,-1.2888775875008538,MothBeans
1406,-0.9561614588493972,2.4990761378549107,Papaya
1407,-0.9272959657497517,1.1084927273954113,Coconut
1408,-1.025599876216116,0.9111785908299349,Rice
1409,-0.34994456609813857,-0.02691276054465845,Maize
1410,-0.7897369360033455,0.6845079579815115,Watermelon
1411,2.949161910019058,1.9582087357366817,Grapes
1412,-1.234750898333946,-0.30297899483705415,Coffee
1413,-0.830024211375563,0.07482730055288614,Pomegranate
1414,-0.6406604551878701,-0.24277020850581144,Pomegranate
1415,1.0630295648979562,-2.716998788623624,ChickPea
1416,-0.3310993074635274,-0.5248520878089721,Maize
1417,-0.16744392465685415,-0.8153836762687466,Mango
1418,-0.6312525258843088,0.4838112420442573,Pomegranate
1419,-0.2442729582736818,-0.009823556608480971,MungBean
1420,-0.9579200172867101,0.18297595562848515,Cotton
1421,-0.29621363504802395,-0.11923566300244105,MungBean
1422,-0.7484023779082588,0.08476421002405328,Maize
1423,0.7189750218618801,-2.266264309284074,KidneyBeans
1424,0.06875515829079104,-0.8610874418015737,PigeonPeas
1425,-0.3875036125690179,1.4096519913500316,Jute
1426,-1.069062682423853,0.44702178556431893,Coffee
1427,-0.6489673476035203,0.452764175250535,Cotton
1428,-0.4319213671670535,0.45409335751688024,Jute
1429,-0.763502368335353,0.4350559400680163,Cotton
1430,0.7928650617997512,-0.9894704922845048,MothBeans
1431,-1.334222521768667,0.8193973667218282,Watermelon
1432,0.17448128667466903,1.280244441491538,Banana
1433,-0.09284255627095696,-0.4269782997795667,PigeonPeas
1434,-0.1204685117932545,-0.35598912492666185,Maize
1435,4.020682912797918,0.22799894525637007,Grapes
1436,0.11486244048252837,-0.1556810082354138,Mango
1437,-0.6755528079798202,1.442668012937419,Rice
1438,3.9141339987574226,1.3426207846299778,Apple
1439,0.13845573262896768,0.8170927802340642,Banana
1440,-1.27421327904942,-0.11290056792756616,Coffee
1441,-1.1108609946443442,-2.122891719549999,MothBeans
1442,3.4626960638370274,1.2090788569649757,Apple
1443,-0.3712073825236513,0.18590071073798717,MungBean
1444,-1.4145718984014304,0.41274751835021256,Cotton
1445,-0.3084163801711861,0.6931143373447399,Coconut
1446,-0.00473682015826103,1.360378097253545,Banana
1447,-1.4539834356330796,0.007838516252617424,Cotton
1448,3.8750766179780567,1.4288667023795558,Apple
1449,-0.5014142378875505,-0.0016168721429129316,Pomegranate
1450,-1.523432744228275,-0.2123930340415568,Coffee
1451,0.8507567621767138,-2.4315466940315686,ChickPea
1452,-0.588655274076719,-1.0867753786099137,Orange
1453,0.13815270022527193,-0.6315667382582566,Blackgram
1454,-0.7394719430678051,0.4481274677499104,Cotton
1455,1.4596698201399347,-2.6307051591416895,ChickPea
1456,-0.5463323252010596,1.8882181251749754,Rice
1457,-0.528226684633458,0.8041364379552439,Jute
1458,0.2478183148678367,0.9452178246968317,Papaya
1459,-0.3528851117913189,-1.208871217403999,PigeonPeas
1460,-1.115329068467676,0.3128546355947486,Coffee
1461,-1.1364167846476378,0.7831988306306366,Watermelon
1462,1.1435482775378922,-2.4366368929983677,ChickPea
1463,-0.6913675763735361,1.959034831344683,Rice
1464,-1.6083635961261664,0.8888105307706899,Orange
1465,-0.45104198242690624,-0.6350577419357512,Blackgram
1466,0.40160914463367886,0.993131151251274,Banana
1467,-0.7712099604850511,0.4958915428747648,Watermelon
1468,-0.16095299150867928,-1.433011300110759,PigeonPeas
1469,-1.3205063749846337,0.3856241752508254,Cotton
1470,-0.4389097105842895,1.0995742759997955,Jute
1471,-1.343907595901242,0.5476847670247551,Coffee
1472,-0.6304406227569543,-0.34823850663149364,MungBean
1473,0.40037423443897463,0.7995000388164906,Banana
1474,-0.20635358406246956,-0.24887507956202432,MungBean
1475,-0.2202705369641431,0.8202662772371234,Jute
1476,3.7661773034973733,0.5964788807012966,Grapes
1477,-0.44640031614353826,-1.1035245939633478,Mango
1478,-0.7506428595169699,0.9291988954261955,Muskmelon
1479,3.9677748452740715,1.2208686968585645,Apple
1480,-0.753765203359542,0.43193023872005276,Cotton
1481,-1.0069911605706237,0.8021580421221108,Watermelon
1482,-1.244416741069689,-0.2588753966240771,Coffee
1483,-0.17217969215042284,-1.1630592974452585,Lentil
1484,-1.0460973896577406,-0.7860904307586593,Orange
1485,-0.384607522558219,-0.2184369487477414,Maize
1486,-0.6091926865396539,1.9403161013529868,Papaya
1487,-0.37179670047427765,-0.5079215194684173,Pomegranate
1488,-0.6873737596256088,1.9782004802419535,Papaya
1489,-0.5607601764214281,0.12266089341432437,Mango
1490,0.1717772085679308,-1.7195386401827566,Lentil
1491,-0.958316491228275,1.7190751265418334,Papaya
1492,-1.20878539292745,0.20445901862861784,Cotton
1493,0.05439091794058388,-0.5658478717450784,Lentil
1494,-1.1822033198660886,0.2737241669914401,Cotton
1495,-0.3715027659971854,0.15181549861231336,Pomegranate
1496,-0.43831892864470445,0.8912204866088379,Coconut
1497,-0.17854348942875467,-0.609219098081196,Maize
1498,-0.9840424489320929,0.976554035992404,Rice
1499,-0.5260896719825536,0.8484750959512073,Jute
1500,-0.29456949983346736,-1.3686854528531223,MothBeans
1501,-0.32039451982409367,-1.0988224627424439,Mango
1502,4.083771059687621,-0.051330641025507745,Grapes
1503,-1.2929815996406133,0.5430773074640953,Cotton
1504,-1.165372575297517,1.1915447271191253,Coconut
1505,-0.14693360590370091,-1.0407359765066684,Maize
1506,-1.0789641767055578,1.1251804332579363,Muskmelon
1507,-0.9550115341612567,0.7769754200862469,Muskmelon
1508,-1.473751693119875,0.5734292902347541,Orange
1509,-0.7557642897410403,-1.6625991571538277,MothBeans
1510,-0.3403420280334673,0.035063301634000385,MungBean
1511,-1.380354521318422,0.5836518342650093,Cotton
1512,-1.2521466063074564,-0.03984878585821564,Orange
1513,-0.2512035337920108,-0.521837013081132,Mango
1514,0.1669696533860857,1.193926460712803,Rice
1515,-0.8228196606057201,-0.575645995487168,Maize
1516,0.02968389978989439,-0.8018410281679997,PigeonPeas
1517,-0.9154465582496404,-0.7868367342095608,Mango
1518,0.8444917846047225,-2.503997945966355,ChickPea
1519,-1.4032076742118202,0.30342528464559987,Coffee
1520,-1.7007725323411056,0.8355589857011149,Orange
1521,-1.0255776862665125,-0.6381394893319433,Mango
1522,3.8296052295365155,0.18442149632831414,Grapes
1523,-0.6338125796235538,1.2783886138767935,Rice
1524,0.40796067507429573,0.7636987768225935,Banana
1525,-0.3812119525713688,0.770623382729096,Jute
1526,0.015570839769654241,1.1202321757412117,Banana
1527,0.20615196407978492,-0.1413858563375534,PigeonPeas
1528,-1.1835765107752472,0.6315988003081932,Orange
1529,1.0564919944937803,-3.058185374536486,ChickPea
1530,-1.4060454535163383,0.6059177893731704,Watermelon
1531,0.7348574228785136,-1.3658430078250638,Lentil
1532,-0.615706210437843,1.1324042017045006,Jute
1533,0.4654846123631266,-1.564162984395294,Lentil
1534,3.3741850603389603,1.561105870774581,Apple
1535,-1.3558155608894065,-0.09352356356364261,Coffee
1536,-0.5815413029759308,-0.18013523265157533,MungBean
1537,1.025963802359553,-2.140349928240213,KidneyBeans
1538,-0.7444191263510255,1.0378283076770252,Jute
1539,-0.5047307016223204,1.8868685475597642,Papaya
1540,0.9406042769945763,-2.453225102278521,ChickPea
1541,-1.0345768989003432,-0.006949211994854894,Orange
1542,-1.074698217849836,0.6841948941220453,Watermelon
1543,-1.1851977521320545,1.079010656189106,Muskmelon
1544,-0.8836002652425679,-0.4424098950740598,Maize
1545,-1.210359555237713,-0.11428226421397941,Cotton
1546,1.0219970657029422,-0.6455284565811852,PigeonPeas
1547,-0.7856832305015403,0.6805957005219708,Cotton
1548,-0.3466920396148404,1.0702001498290652,Coconut
1549,-0.07503729811275754,-0.306162798103733,MungBean
1550,0.6274565512273116,-1.4413939024699685,Lentil
1551,-1.3868641808790882,-0.17364951434060413,Coffee
1552,-0.5571009480223349,-2.6026755336828007,MothBeans
1553,-0.4131695155268761,0.052141110236044466,Jute
1554,-1.1783524722444196,0.6333334479642128,Cotton
1555,-0.25110123290847286,-0.4978558701790812,Pomegranate
1556,-0.20924880307934687,-0.5677181752058921,PigeonPeas
1557,-0.4098525129228663,1.0048632735492102,Coconut
1558,0.1106543455484242,0.8144091319246737,Papaya
1559,-0.9908798861582025,0.47060669778763115,Jute
1560,-0.520073387190924,-0.4593951762228463,Mango
1561,-0.24677975123548435,-0.20559336273266257,Maize
1562,-0.48749019533333254,0.548378900381762,Jute
1563,-0.9415195524694564,0.3587310955015244,Cotton
1564,-1.0879906610653478,0.6303860047757819,Watermelon
1565,0.24430780128493423,-0.27491577427858604,PigeonPeas
1566,-1.1044693640042758,0.21503359880859407,Coffee
1567,-0.20002931785252767,0.17651226986280727,Pomegranate
1568,-1.1749275575092468,-0.42517000107815267,Coffee
1569,-0.6298479487231984,0.20175278941835673,MungBean
1570,-0.12945013688050186,0.8315741933223074,Papaya
1571,-0.9648143187394702,0.6945702093640588,Watermelon
1572,0.48848816111269094,-0.896687897673028,PigeonPeas
1573,-0.7563434176502608,0.6010561672033895,Watermelon
1574,-0.349024844683234,0.0021183491024609957,Maize
1575,-0.9129137778292323,-0.7051967640473851,Mango
1576,4.107891402979404,0.41601900292320404,Grapes
1577,-0.328757411875399,-0.33783684520336577,MungBean
1578,-0.37013866754185515,-0.12462937419788028,Maize
1579,0.2339757999458027,-0.5105036331490794,Blackgram
1580,4.121933463998982,1.2873189798122378,Apple
1581,-1.3646773067879125,-0.14892214784124652,Cotton
1582,-0.3414008533555923,0.028331402971012103,Pomegranate
1583,-0.061010895358203615,-0.9813127181789539,Maize
1584,-0.30964657786926864,-0.7945044485865321,Orange
1585,0.17922571253998582,-1.1295807285331911,Lentil
1586,-0.4454465119351308,0.7082450976933599,Coconut
1587,1.0704809568859992,-2.794762134392879,ChickPea
1588,0.7292419697753804,-2.7871443188396516,ChickPea
1589,-0.5586277922041921,-0.7319834749033162,Blackgram
1590,0.14864267377521312,-0.019702875724189762,PigeonPeas
1591,-0.230749512133566,-0.8089980015108602,Maize
1592,4.25987069750042,0.009575840464204514,Grapes
1593,1.2698714495445957,-2.3078969104048146,ChickPea
1594,-1.0882387291814848,0.9666750398202011,Muskmelon
1595,-0.27219391869404314,-1.0897491080789108,Lentil
1596,0.31483025211316773,-2.798363183457407,ChickPea
1597,-1.0600262716777673,1.0525064554147217,Muskmelon
1598,0.3899472093567078,0.2914840913894184,Papaya
1599,-1.499887854839498,0.3040588421456254,Orange
1600,0.05320260363311836,-0.8586014939442473,Blackgram
1601,0.15742541331910323,0.8119285979759336,Papaya
1602,-0.9440925406684189,0.03787569636941977,Coffee
1603,-0.2780044606348703,-0.14818902358470906,Mango
1604,-1.3348894353864114,0.5267581809463396,Orange
1605,-0.8436774324376589,0.9040369658604764,Muskmelon
1606,0.5131013144792096,-1.8437068691484875,KidneyBeans
1607,3.725977806536596,0.9114614132572275,Grapes
1608,-0.14014219294385993,1.133785827688122,Papaya
1609,0.3441741887645568,-1.3409241254971855,Lentil
1610,3.6070189689603644,1.388120682523816,Apple
1611,-0.0788730850438143,0.12290427750669367,MungBean
1612,-0.47163080902989957,0.8260934703619148,Rice
1613,-0.5079373595243486,-0.11664172647287421,MungBean
1614,-0.8158211159124584,0.6121207843208645,Orange
1615,4.248490829011205,-0.22497863006700317,Grapes
1616,-0.8410749783337276,1.0118642975193075,Jute
1617,3.7443850881711125,1.2930236744984664,Apple
1618,-0.6243870007397542,0.9987207364659179,Coconut
1619,-0.14083174726868136,-0.31513974971533115,Mango
1620,-1.4947021478452664,0.7045985707075112,Coffee
1621,-1.1862444503860854,0.862043402915878,Orange
1622,-1.0092656773310535,-0.14654721846271307,Cotton
1623,-0.12082918326421235,-0.14330270717817378,MungBean
1624,-0.5329255307775165,-0.20781329148998282,MungBean
1625,3.799330810921391,0.36754294301720747,Grapes
1626,0.917606710396693,-2.33519839586191,KidneyBeans
1627,0.23218116738656014,-0.25757617390687293,MungBean
1628,-0.7900822096611372,0.8963884402883855,Muskmelon
1629,-1.1029842820602238,1.3054320966925193,Muskmelon
1630,-0.004034931163587676,-0.5156058635200005,Blackgram
1631,4.4396461243250185,0.19218655934645865,Grapes
1632,0.0728687822270504,0.5071667416386944,Papaya
1633,-0.4580800686842695,0.31889865314364596,Pomegranate
1634,-0.8284024639297407,0.6448345634848801,Watermelon
1635,-1.2757616744895848,0.9780968830914065,Muskmelon
1636,-1.4927568290186968,0.8249657672767924,Muskmelon
1637,-0.897461020697522,0.7219644586197622,Muskmelon
1638,-0.6730335279436143,0.34135723653354527,Jute
1639,4.3624766357345734,1.0327474635599763,Apple
1640,-0.9849437576036921,-0.9577265230162977,Orange
1641,-0.5611416891316662,0.5691236564709922,Watermelon
1642,-1.0980100354785352,0.632799433954217,Coffee
1643,-1.1026855989016857,0.035950358799350324,Coffee
1644,-1.0748476116540657,-0.36258218080938504,Orange
1645,0.20458238882293464,1.2601495034245371,Banana
1646,-0.454051003116052,-0.11698232781570406,Blackgram
1647,3.6694973367857573,1.2402030456762656,Apple
1648,-1.0587315560474388,1.135223637312023,Coconut
1649,-0.6675936097465286,1.9903973596107774,Papaya
1650,0.14528805433621284,-0.4170935029969633,Mango
1651,0.3584336346061685,1.3640524793547737,Banana
1652,-0.9585040862910064,-1.9112986698856764,MothBeans
1653,-0.9086471706792814,-0.37236416816904805,Orange
1654,-0.19795775281467518,1.0692931445524376,Papaya
1655,-1.1095451918672508,0.19741478392810766,Cotton
1656,-0.5858772054696326,0.9862626660198331,Rice
1657,0.3524477240851381,1.0418782112993357,Banana
1658,-1.1589480090808555,-1.6151256586257283,MothBeans
1659,-0.003817874410556961,-0.6706671143733155,Lentil
1660,-1.3192505039552893,1.0019763300335822,Muskmelon
1661,-0.5781351569930294,1.435676520382981,Coconut
1662,0.15952087530414036,1.14076972748598,Banana
1663,1.1388710423996375,-1.9538855982685206,ChickPea
1664,0.7987569034249276,-2.4043008315145578,KidneyBeans
1665,0.5656106353362159,-1.3046732151542555,Lentil
1666,0.7228279335558598,-2.050218499745538,KidneyBeans
1667,-0.8985759625044645,-0.026335341028037133,Coffee
1668,0.38439593508767617,1.2356012390415034,Banana
1669,-1.4109577668091653,0.9469072287173905,Muskmelon
1670,0.0017407058498483394,0.36158762479696505,Pomegranate
1671,3.6316160404191007,1.0937258208246496,Apple
1672,-0.8790774833562065,1.4821127547261035,Coconut
1673,-0.15405723231119267,-0.9532166441229412,Lentil
1674,-0.45260619962982207,1.279489489170058,Papaya
1675,-0.6824496041933295,-1.4857180464422048,MothBeans
1676,-0.26246964754136015,-0.4552213261776733,Blackgram
1677,-0.5163208491334368,0.8526583382616251,Coconut
1678,0.98154550254988,-2.7401365459796705,ChickPea
1679,-0.5510506630253249,0.8157268530877723,Jute
1680,-0.4329812173644814,1.3304948823623464,Papaya
1681,0.7320465652228653,-2.3292522000797566,KidneyBeans
1682,-0.0360502583498631,-0.08786095098078862,PigeonPeas
1683,-1.328717751765181,-0.3800467693540352,Orange
1684,0.8748162144375575,-2.186470039629715,KidneyBeans
1685,4.244884548995108,1.0883119594384485,Apple
1686,-0.20358472548615475,-1.0038916342388662,Mango
1687,-1.2469305147040453,0.9314443931980442,Muskmelon
1688,-0.6171919705913256,0.9192605392980555,Jute
1689,-0.3188369942040742,-0.7653820840266904,Mango
1690,-1.0388585844667828,0.48886502610053795,Watermelon
1691,-0.18236330369888873,1.3844774094693053,Rice
1692,-1.119226117219435,0.7152934305748846,Jute
1693,-0.1782439376276853,-1.0931895264511626,Mango
1694,0.6144082888588085,-0.8322637597948679,PigeonPeas
1695,0.6803190650321822,-2.3770070782831114,KidneyBeans
1696,-0.13809968790083485,-0.582055411845364,Blackgram
1697,-0.6935919717298277,-0.5890437227233596,Blackgram
1698,0.5701553248721495,0.6800664761280585,Banana
1699,0.3720942373567139,-1.5882119309957392,Lentil
1700,0.7199435357331064,-2.3248173906583327,KidneyBeans
1701,0.5392306688080127,0.7621759977686019,Banana
1702,3.4296611349228696,1.979677814786334,Grapes
1703,-0.0023472834430942366,-0.0848753899302623,PigeonPeas
1704,0.5051214977673948,-1.1628196650145615,Lentil
1705,-0.4963331170768966,-0.25749837873586623,Pomegranate
1706,-1.298039544064882,-0.10518281890869988,Cotton
1707,1.3087529221144936,-2.5790563195728953,ChickPea
1708,0.2006671874466613,-0.31377614223416483,Maize
1709,3.718837354758851,1.0783519580505871,Apple
1710,-0.3587110462180658,-0.9808396032148999,Blackgram
1711,3.8190578286937567,1.3538666859368225,Apple
1712,-0.8779452790256499,-0.5991275530284251,Mango
1713,0.16156708417150595,1.0041198565884621,Banana
1714,4.019117032470488,1.3227471671464264,Apple
1715,-0.8937084227724423,0.31312923558573996,Cotton
1716,-0.4411744713797179,1.592299432858138,Rice
1717,-0.21627751943224352,-0.7909130738034703,Blackgram
1718,-0.990441661158129,1.1469385467607915,Muskmelon
1719,-0.6797253093843096,0.5218243207792008,Watermelon
1720,-1.6398334411871989,0.14881502293723753,Coffee
1721,-1.3507628094327615,0.6893902452442496,Watermelon
1722,-0.7556509846730066,0.7531367446484147,Jute
1723,-0.0003061186499001213,-2.8128793573285877,ChickPea
1724,-0.924520303349587,0.9135980645534996,Jute
1725,-0.32718847964171366,-0.2968351279880745,MungBean
1726,3.977115940056033,0.7974429641072275,Grapes
1727,-0.35224324991991024,0.35655796036872023,Jute
1728,-0.6147271907753479,-0.07505689513983493,MungBean
1729,4.204484380821013,1.0456088347833068,Apple
1730,3.700264061026182,0.9435845645742065,Grapes
1731,-0.4560227734511752,1.2216741101637376,Coconut
1732,0.10972597050782093,-1.1872514673892212,MothBeans
1733,0.0406815975427317,-0.130584148262111,Maize
1734,-0.9383915863528178,1.2087673315871235,Coconut
1735,-0.569152743825241,0.13147482009857303,Pomegranate
1736,-0.24439787200078006,0.8228001903584307,Jute
1737,0.529234332958446,1.243299668116106,Banana
1738,0.9274169865914335,-1.1277041808320574,PigeonPeas
1739,-0.5170753899885285,0.17818740964318727,Blackgram
1740,-0.26556318604932677,1.768116305649454,Rice
1741,0.36265012436905797,-0.5796917226404301,PigeonPeas
1742,-0.06467733224162517,-0.2551818834576565,Mango
1743,-0.5072187899438916,0.28417605998993145,Pomegranate
1744,3.6601708117304956,0.9883088794940906,Grapes
1745,3.9799505495208347,1.353361270958033,Apple
1746,-0.1498248593308177,-0.5602565399139775,Blackgram
1747,-0.6742681000196017,-0.059469230794366515,Orange
1748,-0.6067821883974897,-0.4439665478838542,Maize
1749,-0.9844160930669807,-0.04461547329972395,Coffee
1750,-0.9994893661873588,1.2354556536703363,Muskmelon
1751,0.8812510149593821,-2.121681464147368,KidneyBeans
1752,3.6011431072122826,1.507123155106045,Grapes
1753,0.6620401803098191,-0.39812437925750116,PigeonPeas
1754,-1.5806330113615081,0.7036622831027675,Coffee
1755,-1.424703456004471,-0.6600080020969005,Orange
1756,0.24261663866399968,1.0515785033037177,Banana
1757,-0.2690307725892501,-0.9738594892575224,Mango
1758,4.141444070795478,-0.20796708335488587,Grapes
1759,0.2930260609664652,-1.1740477381174348,Lentil
